"filename", "language", "Markdown", "Python", "JSON", "pip requirements", "Ini", "comment", "blank", "total"
"d:\project\steam-mod-manager\README.md", "Markdown", 374, 0, 0, 0, 0, 0, 261, 635
"d:\project\steam-mod-manager\config\README.md", "Markdown", 20, 0, 0, 0, 0, 0, 13, 33
"d:\project\steam-mod-manager\config\asset_runtime.json", "JSON", 0, 0, 4, 0, 0, 0, 1, 5
"d:\project\steam-mod-manager\config\debug.json", "JSON", 0, 0, 4, 0, 0, 0, 1, 5
"d:\project\steam-mod-manager\config\startup_runtime.json", "JSON", 0, 0, 8, 0, 0, 0, 9, 17
"d:\project\steam-mod-manager\core\__init__.py", "Python", 0, 25, 0, 0, 0, 1, 3, 29
"d:\project\steam-mod-manager\core\cas_runtime.py", "Python", 0, 44, 0, 0, 0, 15, 17, 76
"d:\project\steam-mod-manager\core\db_manager.py", "Python", 0, 4039, 0, 0, 0, 2495, 264, 6798
"d:\project\steam-mod-manager\core\debug_config.py", "Python", 0, 50, 0, 0, 0, 3, 22, 75
"d:\project\steam-mod-manager\core\game_info.py", "Python", 0, 34, 0, 0, 0, 3, 10, 47
"d:\project\steam-mod-manager\core\mod_platform.py", "Python", 0, 727, 0, 0, 0, 135, 126, 988
"d:\project\steam-mod-manager\core\mod_status.py", "Python", 0, 64, 0, 0, 0, 20, 14, 98
"d:\project\steam-mod-manager\core\models.py", "Python", 0, 161, 0, 0, 0, 59, 30, 250
"d:\project\steam-mod-manager\core\paths.py", "Python", 0, 216, 0, 0, 0, 90, 67, 373
"d:\project\steam-mod-manager\core\sanitize.py", "Python", 0, 50, 0, 0, 0, 21, 16, 87
"d:\project\steam-mod-manager\core\scanner.py", "Python", 0, 63, 0, 0, 0, 28, 21, 112
"d:\project\steam-mod-manager\core\scraper.py", "Python", 0, 143, 0, 0, 0, 6, 30, 179
"d:\project\steam-mod-manager\core\steam_api.py", "Python", 0, 809, 0, 0, 0, 73, 97, 979
"d:\project\steam-mod-manager\core\witcher3_game_version.py", "Python", 0, 107, 0, 0, 0, 39, 28, 174
"d:\project\steam-mod-manager\docs\ARCHIVE_FAILURE_DIAGNOSIS.md", "Markdown", 81, 0, 0, 0, 0, 0, 28, 109
"d:\project\steam-mod-manager\docs\ARCHIVE_PROXY_AND_UI_BLOCKING_DIAGNOSIS.md", "Markdown", 257, 0, 0, 0, 0, 0, 114, 371
"d:\project\steam-mod-manager\docs\ARCHIVE_PROXY_FLOW_DIAGNOSIS.md", "Markdown", 124, 0, 0, 0, 0, 0, 45, 169
"d:\project\steam-mod-manager\docs\DEPLOYMENT_ARCHITECTURE.md", "Markdown", 280, 0, 0, 0, 0, 0, 100, 380
"d:\project\steam-mod-manager\docs\DEPLOY_PRODUCTION_AUDIT.md", "Markdown", 88, 0, 0, 0, 0, 0, 48, 136
"d:\project\steam-mod-manager\docs\GAME_LIBRARY_DATA_AUDIT.md", "Markdown", 72, 0, 0, 0, 0, 0, 33, 105
"d:\project\steam-mod-manager\docs\GLOBAL_OPTIMIZATION_AUDIT.md", "Markdown", 410, 0, 0, 0, 0, 0, 131, 541
"d:\project\steam-mod-manager\docs\IMPORT_DESIGN_INVARIANTS.md", "Markdown", 33, 0, 0, 0, 0, 0, 11, 44
"d:\project\steam-mod-manager\docs\LIBRARY_STATUS_AUDIT.md", "Markdown", 51, 0, 0, 0, 0, 0, 20, 71
"d:\project\steam-mod-manager\docs\METADATA_BACKUP_LIFECYCLE_AUDIT.md", "Markdown", 77, 0, 0, 0, 0, 0, 28, 105
"d:\project\steam-mod-manager\docs\METADATA_RESOLVER_SIDE_EFFECT_AUDIT.md", "Markdown", 42, 0, 0, 0, 0, 0, 13, 55
"d:\project\steam-mod-manager\docs\MOD_GAME_VERSION_RULES.md", "Markdown", 58, 0, 0, 0, 0, 0, 32, 90
"d:\project\steam-mod-manager\docs\OFFLINE_ARCHIVE_PROGRESS_DIAGNOSIS.md", "Markdown", 185, 0, 0, 0, 0, 0, 72, 257
"d:\project\steam-mod-manager\docs\OFFLINE_PAGE_DIAGNOSIS.md", "Markdown", 106, 0, 0, 0, 0, 0, 42, 148
"d:\project\steam-mod-manager\docs\OFFLINE_PAGE_FETCH_AUDIT.md", "Markdown", 117, 0, 0, 0, 0, 0, 44, 161
"d:\project\steam-mod-manager\docs\P0_SYSTEM_HARDENING_PLAN.md", "Markdown", 180, 0, 0, 0, 0, 0, 88, 268
"d:\project\steam-mod-manager\docs\P0_VERIFICATION_PROTOCOL.md", "Markdown", 115, 0, 0, 0, 0, 0, 54, 169
"d:\project\steam-mod-manager\docs\SOURCE_AWARE_FILE_MODEL_AUDIT.md", "Markdown", 212, 0, 0, 0, 0, 0, 88, 300
"d:\project\steam-mod-manager\docs\UI_LIBRARY_REDESIGN_AUDIT.md", "Markdown", 595, 0, 0, 0, 0, 0, 138, 733
"d:\project\steam-mod-manager\docs\architecture\IDENTITY_LIFECYCLE_CONTRACT.md", "Markdown", 123, 0, 0, 0, 0, 0, 75, 198
"d:\project\steam-mod-manager\docs\architecture\identity_repair_architecture_report.md", "Markdown", 130, 0, 0, 0, 0, 0, 41, 171
"d:\project\steam-mod-manager\docs\architecture\identity_write_boundary_report.md", "Markdown", 78, 0, 0, 0, 0, 0, 40, 118
"d:\project\steam-mod-manager\docs\asset_architecture_audit.md", "Markdown", 98, 0, 0, 0, 0, 0, 38, 136
"d:\project\steam-mod-manager\docs\asset_final_whitebox_audit.md", "Markdown", 219, 0, 0, 0, 0, 0, 97, 316
"d:\project\steam-mod-manager\docs\asset_lifecycle_final_status.md", "Markdown", 70, 0, 0, 0, 0, 0, 32, 102
"d:\project\steam-mod-manager\docs\cache_layout.md", "Markdown", 45, 0, 0, 0, 0, 0, 18, 63
"d:\project\steam-mod-manager\docs\deployment_record_design.md", "Markdown", 54, 0, 0, 0, 0, 0, 33, 87
"d:\project\steam-mod-manager\docs\detail_cleanup_report.md", "Markdown", 80, 0, 0, 0, 0, 0, 31, 111
"d:\project\steam-mod-manager\docs\info_asset_usage_inventory.md", "Markdown", 24, 0, 0, 0, 0, 0, 18, 42
"d:\project\steam-mod-manager\docs\info_asset_write_audit.md", "Markdown", 56, 0, 0, 0, 0, 0, 26, 82
"d:\project\steam-mod-manager\docs\phase11_open_hardening.md", "Markdown", 64, 0, 0, 0, 0, 0, 21, 85
"d:\project\steam-mod-manager\docs\phase12_deleted_code_report.md", "Markdown", 40, 0, 0, 0, 0, 0, 18, 58
"d:\project\steam-mod-manager\docs\project_layout.md", "Markdown", 51, 0, 0, 0, 0, 0, 20, 71
"d:\project\steam-mod-manager\main.py", "Python", 0, 305, 0, 0, 0, 15, 74, 394
"d:\project\steam-mod-manager\pytest.ini", "Ini", 0, 0, 0, 0, 9, 0, 1, 10
"d:\project\steam-mod-manager\requirements.txt", "pip requirements", 0, 0, 0, 10, 0, 5, 3, 18
"d:\project\steam-mod-manager\scripts\__init__.py", "Python", 0, 0, 0, 0, 0, 1, 1, 2
"d:\project\steam-mod-manager\scripts\archive_diagnostics.py", "Python", 0, 332, 0, 0, 0, 1, 34, 367
"d:\project\steam-mod-manager\scripts\cleanup_test_library.py", "Python", 0, 255, 0, 0, 0, 24, 32, 311
"d:\project\steam-mod-manager\scripts\identity_governance.py", "Python", 0, 133, 0, 0, 0, 2, 22, 157
"d:\project\steam-mod-manager\scripts\identity_repair_preflight.py", "Python", 0, 564, 0, 0, 0, 3, 43, 610
"d:\project\steam-mod-manager\scripts\library_diagnostics.py", "Python", 0, 28, 0, 0, 0, 8, 10, 46
"d:\project\steam-mod-manager\scripts\migrate_legacy_mod_types.py", "Python", 0, 120, 0, 0, 0, 24, 15, 159
"d:\project\steam-mod-manager\services\__init__.py", "Python", 0, 14, 0, 0, 0, 1, 3, 18
"d:\project\steam-mod-manager\services\app_instance.py", "Python", 0, 57, 0, 0, 0, 15, 21, 93
"d:\project\steam-mod-manager\services\app_shutdown.py", "Python", 0, 122, 0, 0, 0, 6, 33, 161
"d:\project\steam-mod-manager\services\archive.py", "Python", 0, 2176, 0, 0, 0, 717, 242, 3135
"d:\project\steam-mod-manager\services\archive_extractor.py", "Python", 0, 371, 0, 0, 0, 11, 45, 427
"d:\project\steam-mod-manager\services\archive_observability.py", "Python", 0, 200, 0, 0, 0, 5, 25, 230
"d:\project\steam-mod-manager\services\asset_manifest.py", "Python", 0, 259, 0, 0, 0, 41, 40, 340
"d:\project\steam-mod-manager\services\asset_store.py", "Python", 0, 292, 0, 0, 0, 57, 50, 399
"d:\project\steam-mod-manager\services\background_asset_task.py", "Python", 0, 219, 0, 0, 0, 28, 32, 279
"d:\project\steam-mod-manager\services\backup_asset_migration.py", "Python", 0, 487, 0, 0, 0, 55, 67, 609
"d:\project\steam-mod-manager\services\backup_manager.py", "Python", 0, 754, 0, 0, 0, 128, 96, 978
"d:\project\steam-mod-manager\services\backup_manifest_debt.py", "Python", 0, 262, 0, 0, 0, 17, 33, 312
"d:\project\steam-mod-manager\services\backup_observability.py", "Python", 0, 124, 0, 0, 0, 1, 18, 143
"d:\project\steam-mod-manager\services\backup_storage_cleanup.py", "Python", 0, 436, 0, 0, 0, 29, 42, 507
"d:\project\steam-mod-manager\services\collection.py", "Python", 0, 272, 0, 0, 0, 45, 52, 369
"d:\project\steam-mod-manager\services\collection_cover.py", "Python", 0, 202, 0, 0, 0, 13, 41, 256
"d:\project\steam-mod-manager\services\conflict.py", "Python", 0, 436, 0, 0, 0, 57, 48, 541
"d:\project\steam-mod-manager\services\content_status_eval.py", "Python", 0, 115, 0, 0, 0, 31, 19, 165
"d:\project\steam-mod-manager\services\cover_cache.py", "Python", 0, 71, 0, 0, 0, 3, 19, 93
"d:\project\steam-mod-manager\services\cover_loader.py", "Python", 0, 400, 0, 0, 0, 53, 58, 511
"d:\project\steam-mod-manager\services\cover_projection.py", "Python", 0, 12, 0, 0, 0, 20, 4, 36
"d:\project\steam-mod-manager\services\crash_trace.py", "Python", 0, 120, 0, 0, 0, 9, 26, 155
"d:\project\steam-mod-manager\services\custom_deploy_path_stale.py", "Python", 0, 235, 0, 0, 0, 35, 33, 303
"d:\project\steam-mod-manager\services\deploy.py", "Python", 0, 3017, 0, 0, 0, 225, 226, 3468
"d:\project\steam-mod-manager\services\deploy_apply.py", "Python", 0, 283, 0, 0, 0, 52, 32, 367
"d:\project\steam-mod-manager\services\deploy_archive_errors.py", "Python", 0, 24, 0, 0, 0, 1, 3, 28
"d:\project\steam-mod-manager\services\deploy_archive_members.py", "Python", 0, 70, 0, 0, 0, 15, 17, 102
"d:\project\steam-mod-manager\services\deploy_conflict.py", "Python", 0, 70, 0, 0, 0, 13, 15, 98
"d:\project\steam-mod-manager\services\deploy_errors.py", "Python", 0, 44, 0, 0, 0, 12, 8, 64
"d:\project\steam-mod-manager\services\deploy_file_ops_log.py", "Python", 0, 34, 0, 0, 0, 1, 9, 44
"d:\project\steam-mod-manager\services\deploy_file_plan.py", "Python", 0, 258, 0, 0, 0, 48, 44, 350
"d:\project\steam-mod-manager\services\deploy_fs.py", "Python", 0, 91, 0, 0, 0, 18, 15, 124
"d:\project\steam-mod-manager\services\deploy_lock.py", "Python", 0, 29, 0, 0, 0, 6, 8, 43
"d:\project\steam-mod-manager\services\deploy_path_audit.py", "Python", 0, 398, 0, 0, 0, 43, 57, 498
"d:\project\steam-mod-manager\services\deploy_path_lifecycle.py", "Python", 0, 233, 0, 0, 0, 27, 49, 309
"d:\project\steam-mod-manager\services\deploy_paths.py", "Python", 0, 315, 0, 0, 0, 51, 54, 420
"d:\project\steam-mod-manager\services\deploy_result.py", "Python", 0, 146, 0, 0, 0, 6, 16, 168
"d:\project\steam-mod-manager\services\deploy_rules\__init__.py", "Python", 0, 148, 0, 0, 0, 27, 17, 192
"d:\project\steam-mod-manager\services\deploy_rules\anno.py", "Python", 0, 339, 0, 0, 0, 28, 46, 413
"d:\project\steam-mod-manager\services\deploy_rules\base.py", "Python", 0, 91, 0, 0, 0, 62, 23, 176
"d:\project\steam-mod-manager\services\deploy_rules\custom.py", "Python", 0, 109, 0, 0, 0, 9, 19, 137
"d:\project\steam-mod-manager\services\deploy_rules\duckov.py", "Python", 0, 131, 0, 0, 0, 20, 35, 186
"d:\project\steam-mod-manager\services\deploy_rules\generic.py", "Python", 0, 148, 0, 0, 0, 18, 31, 197
"d:\project\steam-mod-manager\services\deploy_rules\manifest.py", "Python", 0, 254, 0, 0, 0, 23, 34, 311
"d:\project\steam-mod-manager\services\deploy_rules\pak_mod_path.py", "Python", 0, 187, 0, 0, 0, 13, 33, 233
"d:\project\steam-mod-manager\services\deploy_rules\palworld.py", "Python", 0, 283, 0, 0, 0, 20, 37, 340
"d:\project\steam-mod-manager\services\deploy_rules\slay_the_spire.py", "Python", 0, 200, 0, 0, 0, 17, 30, 247
"d:\project\steam-mod-manager\services\deploy_rules\stardew_valley.py", "Python", 0, 202, 0, 0, 0, 23, 36, 261
"d:\project\steam-mod-manager\services\deploy_rules\stellaris.py", "Python", 0, 27, 0, 0, 0, 2, 10, 39
"d:\project\steam-mod-manager\services\deploy_rules\warhammer3.py", "Python", 0, 142, 0, 0, 0, 15, 24, 181
"d:\project\steam-mod-manager\services\deploy_security.py", "Python", 0, 261, 0, 0, 0, 24, 38, 323
"d:\project\steam-mod-manager\services\deploy_stage_log.py", "Python", 0, 208, 0, 0, 0, 2, 27, 237
"d:\project\steam-mod-manager\services\deploy_status.py", "Python", 0, 312, 0, 0, 0, 53, 58, 423
"d:\project\steam-mod-manager\services\deploy_txn.py", "Python", 0, 78, 0, 0, 0, 15, 21, 114
"d:\project\steam-mod-manager\services\deploy_verifier.py", "Python", 0, 205, 0, 0, 0, 45, 40, 290
"d:\project\steam-mod-manager\services\deployment_lifecycle.py", "Python", 0, 230, 0, 0, 0, 32, 28, 290
"d:\project\steam-mod-manager\services\deployment_record.py", "Python", 0, 87, 0, 0, 0, 49, 132, 268
"d:\project\steam-mod-manager\services\dir_size.py", "Python", 0, 75, 0, 0, 0, 13, 19, 107
"d:\project\steam-mod-manager\services\directory_move.py", "Python", 0, 108, 0, 0, 0, 17, 20, 145
"d:\project\steam-mod-manager\services\fast_info_asset_purge.py", "Python", 0, 636, 0, 0, 0, 18, 69, 723
"d:\project\steam-mod-manager\services\file_ops.py", "Python", 0, 609, 0, 0, 0, 125, 104, 838
"d:\project\steam-mod-manager\services\game_library.py", "Python", 0, 248, 0, 0, 0, 26, 28, 302
"d:\project\steam-mod-manager\services\game_sidebar.py", "Python", 0, 128, 0, 0, 0, 20, 17, 165
"d:\project\steam-mod-manager\services\game_status.py", "Python", 0, 198, 0, 0, 0, 19, 33, 250
"d:\project\steam-mod-manager\services\identity_invariants.py", "Python", 0, 928, 0, 0, 0, 25, 66, 1019
"d:\project\steam-mod-manager\services\identity_pollution.py", "Python", 0, 307, 0, 0, 0, 27, 43, 377
"d:\project\steam-mod-manager\services\identity_repair.py", "Python", 0, 2021, 0, 0, 0, 77, 185, 2283
"d:\project\steam-mod-manager\services\identity_repair_service.py", "Python", 0, 729, 0, 0, 0, 44, 51, 824
"d:\project\steam-mod-manager\services\identity_service.py", "Python", 0, 776, 0, 0, 0, 109, 94, 979
"d:\project\steam-mod-manager\services\importers\__init__.py", "Python", 0, 72, 0, 0, 0, 1, 6, 79
"d:\project\steam-mod-manager\services\importers\archive.py", "Python", 0, 879, 0, 0, 0, 90, 118, 1087
"d:\project\steam-mod-manager\services\importers\cleanup.py", "Python", 0, 46, 0, 0, 0, 9, 13, 68
"d:\project\steam-mod-manager\services\importers\directory_batch.py", "Python", 0, 154, 0, 0, 0, 22, 39, 215
"d:\project\steam-mod-manager\services\importers\duplicate_check.py", "Python", 0, 325, 0, 0, 0, 89, 38, 452
"d:\project\steam-mod-manager\services\importers\github.py", "Python", 0, 139, 0, 0, 0, 7, 19, 165
"d:\project\steam-mod-manager\services\importers\identity_resolve.py", "Python", 0, 211, 0, 0, 0, 54, 35, 300
"d:\project\steam-mod-manager\services\importers\image_picker.py", "Python", 0, 171, 0, 0, 0, 28, 33, 232
"d:\project\steam-mod-manager\services\importers\image_scanner.py", "Python", 0, 57, 0, 0, 0, 11, 11, 79
"d:\project\steam-mod-manager\services\importers\import_settings.py", "Python", 0, 52, 0, 0, 0, 13, 13, 78
"d:\project\steam-mod-manager\services\importers\importer_base.py", "Python", 0, 174, 0, 0, 0, 17, 31, 222
"d:\project\steam-mod-manager\services\importers\local_scanner.py", "Python", 0, 150, 0, 0, 0, 29, 29, 208
"d:\project\steam-mod-manager\services\importers\materialize.py", "Python", 0, 177, 0, 0, 0, 30, 28, 235
"d:\project\steam-mod-manager\services\importers\modio.py", "Python", 0, 142, 0, 0, 0, 7, 20, 169
"d:\project\steam-mod-manager\services\importers\nexus.py", "Python", 0, 174, 0, 0, 0, 20, 28, 222
"d:\project\steam-mod-manager\services\importers\offline_html_batch.py", "Python", 0, 32, 0, 0, 0, 3, 11, 46
"d:\project\steam-mod-manager\services\importers\other.py", "Python", 0, 126, 0, 0, 0, 6, 20, 152
"d:\project\steam-mod-manager\services\importers\source_files.py", "Python", 0, 280, 0, 0, 0, 59, 36, 375
"d:\project\steam-mod-manager\services\importers\steam.py", "Python", 0, 148, 0, 0, 0, 12, 17, 177
"d:\project\steam-mod-manager\services\info_asset_migration.py", "Python", 0, 538, 0, 0, 0, 64, 59, 661
"d:\project\steam-mod-manager\services\info_asset_runtime.py", "Python", 0, 743, 0, 0, 0, 91, 107, 941
"d:\project\steam-mod-manager\services\info_sidecar.py", "Python", 0, 693, 0, 0, 0, 76, 79, 848
"d:\project\steam-mod-manager\services\legacy_backup_asset_cleanup.py", "Python", 0, 938, 0, 0, 0, 37, 92, 1067
"d:\project\steam-mod-manager\services\legacy_backup_finalize.py", "Python", 0, 457, 0, 0, 0, 14, 33, 504
"d:\project\steam-mod-manager\services\legacy_info_asset_cleanup.py", "Python", 0, 1238, 0, 0, 0, 97, 138, 1473
"d:\project\steam-mod-manager\services\legacy_info_manifest_rebuild.py", "Python", 0, 730, 0, 0, 0, 43, 78, 851
"d:\project\steam-mod-manager\services\legacy_workspace_backup.py", "Python", 0, 802, 0, 0, 0, 17, 69, 888
"d:\project\steam-mod-manager\services\library_diagnostics.py", "Python", 0, 70, 0, 0, 0, 11, 12, 93
"d:\project\steam-mod-manager\services\library_maintenance.py", "Python", 0, 182, 0, 0, 0, 21, 24, 227
"d:\project\steam-mod-manager\services\library_perf_metrics.py", "Python", 0, 108, 0, 0, 0, 8, 24, 140
"d:\project\steam-mod-manager\services\library_reconcile.py", "Python", 0, 937, 0, 0, 0, 141, 122, 1200
"d:\project\steam-mod-manager\services\library_status.py", "Python", 0, 196, 0, 0, 0, 17, 41, 254
"d:\project\steam-mod-manager\services\local_file_index.py", "Python", 0, 364, 0, 0, 0, 26, 62, 452
"d:\project\steam-mod-manager\services\managed_path_cache.py", "Python", 0, 99, 0, 0, 0, 7, 18, 124
"d:\project\steam-mod-manager\services\manifest_migration_plan.py", "Python", 0, 467, 0, 0, 0, 37, 64, 568
"d:\project\steam-mod-manager\services\metadata_backup.py", "Python", 0, 610, 0, 0, 0, 94, 109, 813
"d:\project\steam-mod-manager\services\metadata_backup_sync.py", "Python", 0, 469, 0, 0, 0, 43, 70, 582
"d:\project\steam-mod-manager\services\metadata_backup_validator.py", "Python", 0, 157, 0, 0, 0, 16, 27, 200
"d:\project\steam-mod-manager\services\metadata_cache.py", "Python", 0, 76, 0, 0, 0, 9, 18, 103
"d:\project\steam-mod-manager\services\metadata_owner_guard.py", "Python", 0, 60, 0, 0, 0, 14, 16, 90
"d:\project\steam-mod-manager\services\metadata_ownership.py", "Python", 0, 97, 0, 0, 0, 7, 21, 125
"d:\project\steam-mod-manager\services\metadata_refresh.py", "Python", 0, 1105, 0, 0, 0, 112, 120, 1337
"d:\project\steam-mod-manager\services\mod_file_reconciler.py", "Python", 0, 25, 0, 0, 0, 3, 6, 34
"d:\project\steam-mod-manager\services\mod_files.py", "Python", 0, 325, 0, 0, 0, 68, 37, 430
"d:\project\steam-mod-manager\services\mod_fs_observer.py", "Python", 0, 440, 0, 0, 0, 50, 71, 561
"d:\project\steam-mod-manager\services\mod_identity.py", "Python", 0, 234, 0, 0, 0, 98, 57, 389
"d:\project\steam-mod-manager\services\mod_identity_authority.py", "Python", 0, 437, 0, 0, 0, 52, 36, 525
"d:\project\steam-mod-manager\services\mod_identity_validator.py", "Python", 0, 403, 0, 0, 0, 15, 51, 469
"d:\project\steam-mod-manager\services\mod_library_cache.py", "Python", 0, 625, 0, 0, 0, 64, 69, 758
"d:\project\steam-mod-manager\services\mod_library_integrity_audit.py", "Python", 0, 231, 0, 0, 0, 21, 28, 280
"d:\project\steam-mod-manager\services\mod_list_item.py", "Python", 0, 100, 0, 0, 0, 15, 11, 126
"d:\project\steam-mod-manager\services\mod_metadata_resolver.py", "Python", 0, 598, 0, 0, 0, 37, 75, 710
"d:\project\steam-mod-manager\services\mod_path_validation.py", "Python", 0, 88, 0, 0, 0, 30, 20, 138
"d:\project\steam-mod-manager\services\mod_presence.py", "Python", 0, 912, 0, 0, 0, 40, 103, 1055
"d:\project\steam-mod-manager\services\mod_projection_events.py", "Python", 0, 123, 0, 0, 0, 35, 31, 189
"d:\project\steam-mod-manager\services\mod_refresh.py", "Python", 0, 348, 0, 0, 0, 25, 47, 420
"d:\project\steam-mod-manager\services\mod_relationships.py", "Python", 0, 73, 0, 0, 0, 19, 11, 103
"d:\project\steam-mod-manager\services\mod_remove.py", "Python", 0, 59, 0, 0, 0, 11, 13, 83
"d:\project\steam-mod-manager\services\mod_source_integrity.py", "Python", 0, 580, 0, 0, 0, 40, 89, 709
"d:\project\steam-mod-manager\services\mod_type_catalog.py", "Python", 0, 397, 0, 0, 0, 26, 56, 479
"d:\project\steam-mod-manager\services\mod_type_legacy_migration.py", "Python", 0, 148, 0, 0, 0, 13, 21, 182
"d:\project\steam-mod-manager\services\mod_update.py", "Python", 0, 89, 0, 0, 0, 4, 15, 108
"d:\project\steam-mod-manager\services\modio_api.py", "Python", 0, 472, 0, 0, 0, 61, 76, 609
"d:\project\steam-mod-manager\services\modio_config.py", "Python", 0, 68, 0, 0, 0, 27, 27, 122
"d:\project\steam-mod-manager\services\modio_metadata_refresh.py", "Python", 0, 663, 0, 0, 0, 47, 62, 772
"d:\project\steam-mod-manager\services\offline\__init__.py", "Python", 0, 102, 0, 0, 0, 1, 4, 107
"d:\project\steam-mod-manager\services\offline\backup_closure.py", "Python", 0, 770, 0, 0, 0, 70, 91, 931
"d:\project\steam-mod-manager\services\offline\backup_offline_repair.py", "Python", 0, 124, 0, 0, 0, 13, 13, 150
"d:\project\steam-mod-manager\services\offline\base.py", "Python", 0, 74, 0, 0, 0, 7, 15, 96
"d:\project\steam-mod-manager\services\offline\browser.py", "Python", 0, 84, 0, 0, 0, 15, 18, 117
"d:\project\steam-mod-manager\services\offline\browser_snapshot\__init__.py", "Python", 0, 39, 0, 0, 0, 1, 4, 44
"d:\project\steam-mod-manager\services\offline\browser_snapshot\manager.py", "Python", 0, 179, 0, 0, 0, 20, 24, 223
"d:\project\steam-mod-manager\services\offline\browser_snapshot\playwright_capture.py", "Python", 0, 247, 0, 0, 0, 43, 44, 334
"d:\project\steam-mod-manager\services\offline\browser_snapshot\resource_rewriter.py", "Python", 0, 611, 0, 0, 0, 18, 62, 691
"d:\project\steam-mod-manager\services\offline\github.py", "Python", 0, 141, 0, 0, 0, 12, 24, 177
"d:\project\steam-mod-manager\services\offline\github_browser_snapshot.py", "Python", 0, 252, 0, 0, 0, 53, 46, 351
"d:\project\steam-mod-manager\services\offline\html_rewriter.py", "Python", 0, 220, 0, 0, 0, 20, 38, 278
"d:\project\steam-mod-manager\services\offline\layout_snapshot.py", "Python", 0, 919, 0, 0, 0, 164, 101, 1184
"d:\project\steam-mod-manager\services\offline\manager.py", "Python", 0, 329, 0, 0, 0, 66, 51, 446
"d:\project\steam-mod-manager\services\offline\manual_import.py", "Python", 0, 163, 0, 0, 0, 17, 25, 205
"d:\project\steam-mod-manager\services\offline\mhtml.py", "Python", 0, 230, 0, 0, 0, 25, 50, 305
"d:\project\steam-mod-manager\services\offline\modio.py", "Python", 0, 237, 0, 0, 0, 28, 45, 310
"d:\project\steam-mod-manager\services\offline\modio_browser_snapshot.py", "Python", 0, 350, 0, 0, 0, 22, 59, 431
"d:\project\steam-mod-manager\services\offline\nexus.py", "Python", 0, 13, 0, 0, 0, 5, 4, 22
"d:\project\steam-mod-manager\services\offline\nexus_cleaner\__init__.py", "Python", 0, 15, 0, 0, 0, 1, 4, 20
"d:\project\steam-mod-manager\services\offline\nexus_cleaner\cleaner.py", "Python", 0, 90, 0, 0, 0, 12, 20, 122
"d:\project\steam-mod-manager\services\offline\nexus_cleaner\html_cleaner.py", "Python", 0, 269, 0, 0, 0, 34, 39, 342
"d:\project\steam-mod-manager\services\offline\nexus_cleaner\layout_optimizer.py", "Python", 0, 63, 0, 0, 0, 7, 17, 87
"d:\project\steam-mod-manager\services\offline\nexus_cleaner\mhtml_parser.py", "Python", 0, 42, 0, 0, 0, 9, 13, 64
"d:\project\steam-mod-manager\services\offline\nexus_cleaner\resource_processor.py", "Python", 0, 47, 0, 0, 0, 7, 14, 68
"d:\project\steam-mod-manager\services\offline\nexus_html_parser.py", "Python", 0, 588, 0, 0, 0, 87, 90, 765
"d:\project\steam-mod-manager\services\offline\nexus_manual.py", "Python", 0, 139, 0, 0, 0, 17, 26, 182
"d:\project\steam-mod-manager\services\offline\paths.py", "Python", 0, 113, 0, 0, 0, 35, 27, 175
"d:\project\steam-mod-manager\services\offline\provider_snapshot.py", "Python", 0, 83, 0, 0, 0, 8, 20, 111
"d:\project\steam-mod-manager\services\offline\readable_snapshot.py", "Python", 0, 971, 0, 0, 0, 63, 94, 1128
"d:\project\steam-mod-manager\services\offline\snapshot.py", "Python", 0, 436, 0, 0, 0, 40, 61, 537
"d:\project\steam-mod-manager\services\offline\staging.py", "Python", 0, 48, 0, 0, 0, 21, 18, 87
"d:\project\steam-mod-manager\services\offline\steam.py", "Python", 0, 308, 0, 0, 0, 20, 34, 362
"d:\project\steam-mod-manager\services\offline\url_rewriter.py", "Python", 0, 114, 0, 0, 0, 31, 23, 168
"d:\project\steam-mod-manager\services\offline_view_cache.py", "Python", 0, 185, 0, 0, 0, 20, 41, 246
"d:\project\steam-mod-manager\services\orphan_import.py", "Python", 0, 57, 0, 0, 0, 13, 13, 83
"d:\project\steam-mod-manager\services\path_lifecycle.py", "Python", 0, 555, 0, 0, 0, 61, 72, 688
"d:\project\steam-mod-manager\services\perf_stage.py", "Python", 0, 38, 0, 0, 0, 5, 15, 58
"d:\project\steam-mod-manager\services\platform_identity.py", "Python", 0, 62, 0, 0, 0, 13, 8, 83
"d:\project\steam-mod-manager\services\presence_reconcile.py", "Python", 0, 412, 0, 0, 0, 20, 49, 481
"d:\project\steam-mod-manager\services\proxy_resolver.py", "Python", 0, 491, 0, 0, 0, 22, 56, 569
"d:\project\steam-mod-manager\services\reconcile_observability.py", "Python", 0, 366, 0, 0, 0, 3, 66, 435
"d:\project\steam-mod-manager\services\registration_removal.py", "Python", 0, 155, 0, 0, 0, 30, 28, 213
"d:\project\steam-mod-manager\services\runtime\__init__.py", "Python", 0, 0, 0, 0, 0, 1, 1, 2
"d:\project\steam-mod-manager\services\runtime\dependency_check.py", "Python", 0, 102, 0, 0, 0, 6, 22, 130
"d:\project\steam-mod-manager\services\runtime_identity.py", "Python", 0, 28, 0, 0, 0, 3, 10, 41
"d:\project\steam-mod-manager\services\sanitize.py", "Python", 0, 2, 0, 0, 0, 1, 3, 6
"d:\project\steam-mod-manager\services\size_observation.py", "Python", 0, 496, 0, 0, 0, 47, 82, 625
"d:\project\steam-mod-manager\services\source_timestamp.py", "Python", 0, 42, 0, 0, 0, 15, 12, 69
"d:\project\steam-mod-manager\services\startup_io_trace.py", "Python", 0, 195, 0, 0, 0, 2, 43, 240
"d:\project\steam-mod-manager\services\startup_reconcile_policy.py", "Python", 0, 89, 0, 0, 0, 13, 25, 127
"d:\project\steam-mod-manager\services\status_authority.py", "Python", 0, 112, 0, 0, 0, 38, 21, 171
"d:\project\steam-mod-manager\services\status_recovery.py", "Python", 0, 280, 0, 0, 0, 213, 39, 532
"d:\project\steam-mod-manager\services\stellaris_activation.py", "Python", 0, 580, 0, 0, 0, 56, 83, 719
"d:\project\steam-mod-manager\services\sync.py", "Python", 0, 1373, 0, 0, 0, 165, 141, 1679
"d:\project\steam-mod-manager\services\text_encoding.py", "Python", 0, 20, 0, 0, 0, 2, 6, 28
"d:\project\steam-mod-manager\services\ui_block_trace.py", "Python", 0, 30, 0, 0, 0, 4, 13, 47
"d:\project\steam-mod-manager\services\ui_perf_log.py", "Python", 0, 14, 0, 0, 0, 2, 9, 25
"d:\project\steam-mod-manager\services\update_sources\__init__.py", "Python", 0, 20, 0, 0, 0, 1, 6, 27
"d:\project\steam-mod-manager\services\update_sources\base.py", "Python", 0, 29, 0, 0, 0, 4, 11, 44
"d:\project\steam-mod-manager\services\update_sources\github.py", "Python", 0, 97, 0, 0, 0, 2, 11, 110
"d:\project\steam-mod-manager\services\update_sources\nexus.py", "Python", 0, 20, 0, 0, 0, 7, 8, 35
"d:\project\steam-mod-manager\services\update_sources\steam.py", "Python", 0, 19, 0, 0, 0, 1, 7, 27
"d:\project\steam-mod-manager\services\updated_at_authority.py", "Python", 0, 48, 0, 0, 0, 27, 10, 85
"d:\project\steam-mod-manager\services\user_annotation.py", "Python", 0, 48, 0, 0, 0, 19, 11, 78
"d:\project\steam-mod-manager\services\verification_result.py", "Python", 0, 58, 0, 0, 0, 6, 12, 76
"d:\project\steam-mod-manager\services\wh3_activation.py", "Python", 0, 716, 0, 0, 0, 51, 113, 880
"d:\project\steam-mod-manager\services\windows_path_locks.py", "Python", 0, 341, 0, 0, 0, 44, 37, 422
"d:\project\steam-mod-manager\services\windows_rename.py", "Python", 0, 29, 0, 0, 0, 13, 10, 52
"d:\project\steam-mod-manager\tests\__init__.py", "Python", 0, 0, 0, 0, 0, 0, 1, 1
"d:\project\steam-mod-manager\tests\benchmarks\test_library_performance.py", "Python", 0, 193, 0, 0, 0, 6, 38, 237
"d:\project\steam-mod-manager\tests\conftest.py", "Python", 0, 367, 0, 0, 0, 37, 81, 485
"d:\project\steam-mod-manager\tests\conftest_capabilities.py", "Python", 0, 13, 0, 0, 0, 1, 5, 19
"d:\project\steam-mod-manager\tests\helpers\__init__.py", "Python", 0, 0, 0, 0, 0, 0, 2, 2
"d:\project\steam-mod-manager\tests\helpers\deploy.py", "Python", 0, 71, 0, 0, 0, 20, 12, 103
"d:\project\steam-mod-manager\tests\helpers\identity.py", "Python", 0, 338, 0, 0, 0, 76, 35, 449
"d:\project\steam-mod-manager\tests\offline\__init__.py", "Python", 0, 0, 0, 0, 0, 0, 1, 1
"d:\project\steam-mod-manager\tests\offline\test_modio_offline_capture.py", "Python", 0, 331, 0, 0, 0, 3, 71, 405
"d:\project\steam-mod-manager\tests\qt_test_lifecycle.py", "Python", 0, 260, 0, 0, 0, 19, 34, 313
"d:\project\steam-mod-manager\tests\repository_report_allowlist.json", "JSON", 0, 0, 8, 0, 0, 0, 1, 9
"d:\project\steam-mod-manager\tests\test_7z_extract_fallback.py", "Python", 0, 77, 0, 0, 0, 2, 20, 99
"d:\project\steam-mod-manager\tests\test_anno_deploy.py", "Python", 0, 214, 0, 0, 0, 6, 49, 269
"d:\project\steam-mod-manager\tests\test_app_shutdown.py", "Python", 0, 106, 0, 0, 0, 1, 34, 141
"d:\project\steam-mod-manager\tests\test_architecture_boundaries.py", "Python", 0, 102, 0, 0, 0, 1, 23, 126
"d:\project\steam-mod-manager\tests\test_archive_asset_pipeline.py", "Python", 0, 205, 0, 0, 0, 1, 48, 254
"d:\project\steam-mod-manager\tests\test_archive_deploy_extracts_content.py", "Python", 0, 91, 0, 0, 0, 7, 21, 119
"d:\project\steam-mod-manager\tests\test_archive_extractor.py", "Python", 0, 75, 0, 0, 0, 1, 22, 98
"d:\project\steam-mod-manager\tests\test_archive_html_parser.py", "Python", 0, 82, 0, 0, 0, 1, 26, 109
"d:\project\steam-mod-manager\tests\test_archive_import.py", "Python", 0, 128, 0, 0, 0, 6, 31, 165
"d:\project\steam-mod-manager\tests\test_archive_proxy.py", "Python", 0, 147, 0, 0, 0, 7, 58, 212
"d:\project\steam-mod-manager\tests\test_archive_proxy_fallback.py", "Python", 0, 122, 0, 0, 0, 2, 37, 161
"d:\project\steam-mod-manager\tests\test_archive_rate_limit.py", "Python", 0, 366, 0, 0, 0, 12, 102, 480
"d:\project\steam-mod-manager\tests\test_asset_cache.py", "Python", 0, 364, 0, 0, 0, 5, 86, 455
"d:\project\steam-mod-manager\tests\test_asset_manifest.py", "Python", 0, 87, 0, 0, 0, 2, 22, 111
"d:\project\steam-mod-manager\tests\test_asset_store.py", "Python", 0, 259, 0, 0, 0, 12, 64, 335
"d:\project\steam-mod-manager\tests\test_audit_asset_store_architecture.py", "Python", 0, 119, 0, 0, 0, 1, 31, 151
"d:\project\steam-mod-manager\tests\test_audit_offline_web_assets.py", "Python", 0, 223, 0, 0, 0, 5, 35, 263
"d:\project\steam-mod-manager\tests\test_backup_asset_migration.py", "Python", 0, 229, 0, 0, 0, 13, 44, 286
"d:\project\steam-mod-manager\tests\test_backup_content_contract.py", "Python", 0, 117, 0, 0, 0, 8, 18, 143
"d:\project\steam-mod-manager\tests\test_backup_manager_integrity.py", "Python", 0, 323, 0, 0, 0, 35, 74, 432
"d:\project\steam-mod-manager\tests\test_backup_offline_assets_contract.py", "Python", 0, 234, 0, 0, 0, 1, 32, 267
"d:\project\steam-mod-manager\tests\test_backup_offline_index_lifecycle.py", "Python", 0, 266, 0, 0, 0, 2, 45, 313
"d:\project\steam-mod-manager\tests\test_backup_offline_integrity_gate.py", "Python", 0, 519, 0, 0, 0, 3, 72, 594
"d:\project\steam-mod-manager\tests\test_backup_retention_contract.py", "Python", 0, 142, 0, 0, 0, 20, 21, 183
"d:\project\steam-mod-manager\tests\test_backup_storage_contract.py", "Python", 0, 113, 0, 0, 0, 10, 21, 144
"d:\project\steam-mod-manager\tests\test_backup_storage_key_contract.py", "Python", 0, 429, 0, 0, 0, 2, 66, 497
"d:\project\steam-mod-manager\tests\test_batch_edit_source.py", "Python", 0, 119, 0, 0, 0, 1, 19, 139
"d:\project\steam-mod-manager\tests\test_batch_import_skip_url.py", "Python", 0, 143, 0, 0, 0, 2, 32, 177
"d:\project\steam-mod-manager\tests\test_batch_offline_html_import.py", "Python", 0, 155, 0, 0, 0, 6, 25, 186
"d:\project\steam-mod-manager\tests\test_browser_snapshot.py", "Python", 0, 256, 0, 0, 0, 6, 44, 306
"d:\project\steam-mod-manager\tests\test_cache_directory_contract.py", "Python", 0, 137, 0, 0, 0, 2, 32, 171
"d:\project\steam-mod-manager\tests\test_cas_only_offline_capture_open.py", "Python", 0, 140, 0, 0, 0, 14, 29, 183
"d:\project\steam-mod-manager\tests\test_cas_only_stabilization.py", "Python", 0, 268, 0, 0, 0, 19, 54, 341
"d:\project\steam-mod-manager\tests\test_civ6_deploy.py", "Python", 0, 431, 0, 0, 0, 26, 82, 539
"d:\project\steam-mod-manager\tests\test_cleanup_duplicate_workspace_mods.py", "Python", 0, 441, 0, 0, 0, 13, 46, 500
"d:\project\steam-mod-manager\tests\test_cleanup_legacy_suffix_folders.py", "Python", 0, 276, 0, 0, 0, 8, 38, 322
"d:\project\steam-mod-manager\tests\test_cleanup_stardew_workspace_duplicates.py", "Python", 0, 212, 0, 0, 0, 12, 30, 254
"d:\project\steam-mod-manager\tests\test_collection_content.py", "Python", 0, 400, 0, 0, 0, 3, 55, 458
"d:\project\steam-mod-manager\tests\test_collection_cover.py", "Python", 0, 220, 0, 0, 0, 1, 43, 264
"d:\project\steam-mod-manager\tests\test_collection_db.py", "Python", 0, 220, 0, 0, 0, 2, 45, 267
"d:\project\steam-mod-manager\tests\test_collection_ui.py", "Python", 0, 487, 0, 0, 0, 1, 76, 564
"d:\project\steam-mod-manager\tests\test_conflict_advanced.py", "Python", 0, 111, 0, 0, 0, 4, 15, 130
"d:\project\steam-mod-manager\tests\test_conflict_detector.py", "Python", 0, 85, 0, 0, 0, 2, 19, 106
"d:\project\steam-mod-manager\tests\test_conflict_pak_behavior.py", "Python", 0, 141, 0, 0, 0, 5, 27, 173
"d:\project\steam-mod-manager\tests\test_conflict_scheme_b.py", "Python", 0, 254, 0, 0, 0, 9, 38, 301
"d:\project\steam-mod-manager\tests\test_conflict_status_semantics.py", "Python", 0, 118, 0, 0, 0, 2, 25, 145
"d:\project\steam-mod-manager\tests\test_conflict_ui_status.py", "Python", 0, 144, 0, 0, 0, 1, 30, 175
"d:\project\steam-mod-manager\tests\test_conflict_user_annotation_architecture.py", "Python", 0, 153, 0, 0, 0, 11, 29, 193
"d:\project\steam-mod-manager\tests\test_conflict_write_authority.py", "Python", 0, 166, 0, 0, 0, 17, 13, 196
"d:\project\steam-mod-manager\tests\test_content_missing_lifecycle.py", "Python", 0, 134, 0, 0, 0, 13, 13, 160
"d:\project\steam-mod-manager\tests\test_copy_clipboard.py", "Python", 0, 105, 0, 0, 0, 1, 25, 131
"d:\project\steam-mod-manager\tests\test_copy_mod_info.py", "Python", 0, 98, 0, 0, 0, 1, 24, 123
"d:\project\steam-mod-manager\tests\test_cover_cache.py", "Python", 0, 29, 0, 0, 0, 1, 11, 41
"d:\project\steam-mod-manager\tests\test_cover_lazy_loading.py", "Python", 0, 285, 0, 0, 0, 4, 39, 328
"d:\project\steam-mod-manager\tests\test_cover_loader.py", "Python", 0, 128, 0, 0, 0, 5, 36, 169
"d:\project\steam-mod-manager\tests\test_custom_deploy_path_stale_repair.py", "Python", 0, 190, 0, 0, 0, 6, 27, 223
"d:\project\steam-mod-manager\tests\test_custom_deploy_picker_install_path.py", "Python", 0, 210, 0, 0, 0, 3, 48, 261
"d:\project\steam-mod-manager\tests\test_data_directory_contract.py", "Python", 0, 69, 0, 0, 0, 7, 12, 88
"d:\project\steam-mod-manager\tests\test_data_directory_governance_v2.py", "Python", 0, 81, 0, 0, 0, 10, 14, 105
"d:\project\steam-mod-manager\tests\test_debug_config.py", "Python", 0, 20, 0, 0, 0, 1, 7, 28
"d:\project\steam-mod-manager\tests\test_dependency_deploy_skip.py", "Python", 0, 133, 0, 0, 0, 1, 24, 158
"d:\project\steam-mod-manager\tests\test_dependency_display_widget.py", "Python", 0, 218, 0, 0, 0, 1, 35, 254
"d:\project\steam-mod-manager\tests\test_dependency_runtime.py", "Python", 0, 115, 0, 0, 0, 1, 30, 146
"d:\project\steam-mod-manager\tests\test_dependency_workspace_id_bind.py", "Python", 0, 118, 0, 0, 0, 5, 24, 147
"d:\project\steam-mod-manager\tests\test_deploy_architecture_guards.py", "Python", 0, 183, 0, 0, 0, 17, 55, 255
"d:\project\steam-mod-manager\tests\test_deploy_audit_removed.py", "Python", 0, 155, 0, 0, 0, 3, 39, 197
"d:\project\steam-mod-manager\tests\test_deploy_backup_lifecycle.py", "Python", 0, 359, 0, 0, 0, 1, 60, 420
"d:\project\steam-mod-manager\tests\test_deploy_backup_ownership.py", "Python", 0, 284, 0, 0, 0, 2, 52, 338
"d:\project\steam-mod-manager\tests\test_deploy_backup_restore.py", "Python", 0, 258, 0, 0, 0, 8, 50, 316
"d:\project\steam-mod-manager\tests\test_deploy_conflict.py", "Python", 0, 186, 0, 0, 0, 1, 30, 217
"d:\project\steam-mod-manager\tests\test_deploy_db.py", "Python", 0, 179, 0, 0, 0, 4, 33, 216
"d:\project\steam-mod-manager\tests\test_deploy_dependency_order.py", "Python", 0, 80, 0, 0, 0, 2, 17, 99
"d:\project\steam-mod-manager\tests\test_deploy_dependency_workspace_scope.py", "Python", 0, 280, 0, 0, 0, 14, 28, 322
"d:\project\steam-mod-manager\tests\test_deploy_failure_state_lifecycle.py", "Python", 0, 166, 0, 0, 0, 7, 42, 215
"d:\project\steam-mod-manager\tests\test_deploy_fileplan_core.py", "Python", 0, 458, 0, 0, 0, 15, 30, 503
"d:\project\steam-mod-manager\tests\test_deploy_fs.py", "Python", 0, 92, 0, 0, 0, 2, 23, 117
"d:\project\steam-mod-manager\tests\test_deploy_game_regressions.py", "Python", 0, 110, 0, 0, 0, 2, 21, 133
"d:\project\steam-mod-manager\tests\test_deploy_lifecycle_integrity.py", "Python", 0, 309, 0, 0, 0, 28, 69, 406
"d:\project\steam-mod-manager\tests\test_deploy_lock.py", "Python", 0, 94, 0, 0, 0, 1, 31, 126
"d:\project\steam-mod-manager\tests\test_deploy_mod_files.py", "Python", 0, 75, 0, 0, 0, 1, 18, 94
"d:\project\steam-mod-manager\tests\test_deploy_path_audit_repair.py", "Python", 0, 269, 0, 0, 0, 4, 37, 310
"d:\project\steam-mod-manager\tests\test_deploy_path_canonicalization.py", "Python", 0, 327, 0, 0, 0, 8, 17, 352
"d:\project\steam-mod-manager\tests\test_deploy_path_final_safety.py", "Python", 0, 419, 0, 0, 0, 10, 24, 453
"d:\project\steam-mod-manager\tests\test_deploy_path_lifecycle.py", "Python", 0, 315, 0, 0, 0, 7, 31, 353
"d:\project\steam-mod-manager\tests\test_deploy_perf_fixture.py", "Python", 0, 59, 0, 0, 0, 2, 12, 73
"d:\project\steam-mod-manager\tests\test_deploy_phase4_contracts.py", "Python", 0, 160, 0, 0, 0, 1, 13, 174
"d:\project\steam-mod-manager\tests\test_deploy_pipeline_integrity.py", "Python", 0, 287, 0, 0, 0, 30, 67, 384
"d:\project\steam-mod-manager\tests\test_deploy_redeploy_idempotent.py", "Python", 0, 107, 0, 0, 0, 1, 28, 136
"d:\project\steam-mod-manager\tests\test_deploy_result_detail.py", "Python", 0, 169, 0, 0, 0, 2, 28, 199
"d:\project\steam-mod-manager\tests\test_deploy_result_invariants.py", "Python", 0, 25, 0, 0, 0, 2, 13, 40
"d:\project\steam-mod-manager\tests\test_deploy_result_unified.py", "Python", 0, 32, 0, 0, 0, 1, 47, 80
"d:\project\steam-mod-manager\tests\test_deploy_runtime_regression_after_identity.py", "Python", 0, 205, 0, 0, 0, 7, 33, 245
"d:\project\steam-mod-manager\tests\test_deploy_security_boundary.py", "Python", 0, 296, 0, 0, 0, 26, 65, 387
"d:\project\steam-mod-manager\tests\test_deploy_service.py", "Python", 0, 129, 0, 0, 0, 5, 31, 165
"d:\project\steam-mod-manager\tests\test_deploy_stage_profiling.py", "Python", 0, 76, 0, 0, 0, 1, 20, 97
"d:\project\steam-mod-manager\tests\test_deploy_status_banner.py", "Python", 0, 147, 0, 0, 0, 1, 32, 180
"d:\project\steam-mod-manager\tests\test_deploy_strategy.py", "Python", 0, 252, 0, 0, 0, 7, 51, 310
"d:\project\steam-mod-manager\tests\test_deploy_strategy_contract.py", "Python", 0, 244, 0, 0, 0, 2, 29, 275
"d:\project\steam-mod-manager\tests\test_deploy_transaction_consistency.py", "Python", 0, 186, 0, 0, 0, 5, 45, 236
"d:\project\steam-mod-manager\tests\test_deploy_transaction_lifecycle.py", "Python", 0, 181, 0, 0, 0, 11, 38, 230
"d:\project\steam-mod-manager\tests\test_deploy_ui.py", "Python", 0, 233, 0, 0, 0, 6, 58, 297
"d:\project\steam-mod-manager\tests\test_deploy_ui_watchdog.py", "Python", 0, 44, 0, 0, 0, 4, 17, 65
"d:\project\steam-mod-manager\tests\test_deploy_validation.py", "Python", 0, 214, 0, 0, 0, 1, 45, 260
"d:\project\steam-mod-manager\tests\test_deployment_lifecycle_state_contract.py", "Python", 0, 116, 0, 0, 0, 10, 22, 148
"d:\project\steam-mod-manager\tests\test_deployment_record_architecture.py", "Python", 0, 141, 0, 0, 0, 1, 30, 172
"d:\project\steam-mod-manager\tests\test_deployment_record_edge_cases.py", "Python", 0, 216, 0, 0, 0, 4, 41, 261
"d:\project\steam-mod-manager\tests\test_deployment_record_flows.py", "Python", 0, 340, 0, 0, 0, 13, 61, 414
"d:\project\steam-mod-manager\tests\test_deployment_record_overlay_lifecycle.py", "Python", 0, 310, 0, 0, 0, 10, 67, 387
"d:\project\steam-mod-manager\tests\test_deployment_record_snapshot_source.py", "Python", 0, 135, 0, 0, 0, 12, 22, 169
"d:\project\steam-mod-manager\tests\test_deployment_record_snapshot_viewport.py", "Python", 0, 187, 0, 0, 0, 10, 44, 241
"d:\project\steam-mod-manager\tests\test_detail_files_section.py", "Python", 0, 745, 0, 0, 0, 9, 98, 852
"d:\project\steam-mod-manager\tests\test_detail_flag_tags.py", "Python", 0, 73, 0, 0, 0, 3, 118, 194
"d:\project\steam-mod-manager\tests\test_detail_legacy_cleanup.py", "Python", 0, 129, 0, 0, 0, 4, 36, 169
"d:\project\steam-mod-manager\tests\test_detail_metadata_long_description.py", "Python", 0, 339, 0, 0, 0, 4, 43, 386
"d:\project\steam-mod-manager\tests\test_detail_refresh_after_offline_save_mutation.py", "Python", 0, 136, 0, 0, 0, 5, 24, 165
"d:\project\steam-mod-manager\tests\test_detail_show_mod_readonly.py", "Python", 0, 61, 0, 0, 0, 1, 94, 156
"d:\project\steam-mod-manager\tests\test_detail_size_badge.py", "Python", 0, 249, 0, 0, 0, 2, 49, 300
"d:\project\steam-mod-manager\tests\test_detail_ux_phase114.py", "Python", 0, 261, 0, 0, 0, 1, 39, 301
"d:\project\steam-mod-manager\tests\test_dir_size.py", "Python", 0, 73, 0, 0, 0, 1, 20, 94
"d:\project\steam-mod-manager\tests\test_directory_batch_import.py", "Python", 0, 100, 0, 0, 0, 3, 25, 128
"d:\project\steam-mod-manager\tests\test_directory_move_fallback.py", "Python", 0, 147, 0, 0, 0, 2, 31, 180
"d:\project\steam-mod-manager\tests\test_domain_boundary_integrity.py", "Python", 0, 248, 0, 0, 0, 3, 36, 287
"d:\project\steam-mod-manager\tests\test_duckov_deploy.py", "Python", 0, 295, 0, 0, 0, 1, 39, 335
"d:\project\steam-mod-manager\tests\test_dynamic_platform_filter.py", "Python", 0, 23, 0, 0, 0, 1, 10, 34
"d:\project\steam-mod-manager\tests\test_extension_category.py", "Python", 0, 716, 0, 0, 0, 1, 85, 802
"d:\project\steam-mod-manager\tests\test_external_id_parser.py", "Python", 0, 48, 0, 0, 0, 1, 11, 60
"d:\project\steam-mod-manager\tests\test_fast_info_asset_purge.py", "Python", 0, 224, 0, 0, 0, 1, 42, 267
"d:\project\steam-mod-manager\tests\test_file_management_ux.py", "Python", 0, 367, 0, 0, 0, 4, 40, 411
"d:\project\steam-mod-manager\tests\test_final_status_boundary_contract.py", "Python", 0, 289, 0, 0, 0, 15, 48, 352
"d:\project\steam-mod-manager\tests\test_frameless_taskbar_toggle.py", "Python", 0, 37, 0, 0, 0, 3, 12, 52
"d:\project\steam-mod-manager\tests\test_game_deploy_view.py", "Python", 0, 77, 0, 0, 0, 2, 26, 105
"d:\project\steam-mod-manager\tests\test_game_library.py", "Python", 0, 200, 0, 0, 0, 3, 27, 230
"d:\project\steam-mod-manager\tests\test_github_browser_snapshot.py", "Python", 0, 152, 0, 0, 0, 11, 27, 190
"d:\project\steam-mod-manager\tests\test_github_offline.py", "Python", 0, 85, 0, 0, 0, 1, 13, 99
"d:\project\steam-mod-manager\tests\test_has_local_mod_payload.py", "Python", 0, 86, 0, 0, 0, 1, 23, 110
"d:\project\steam-mod-manager\tests\test_history_dir_skip.py", "Python", 0, 54, 0, 0, 0, 1, 16, 71
"d:\project\steam-mod-manager\tests\test_id_architecture_contract.py", "Python", 0, 287, 0, 0, 0, 8, 48, 343
"d:\project\steam-mod-manager\tests\test_identity_authority_final.py", "Python", 0, 185, 0, 0, 0, 10, 25, 220
"d:\project\steam-mod-manager\tests\test_identity_boundary_contract.py", "Python", 0, 261, 0, 0, 0, 13, 32, 306
"d:\project\steam-mod-manager\tests\test_identity_boundary_repair.py", "Python", 0, 214, 0, 0, 0, 10, 32, 256
"d:\project\steam-mod-manager\tests\test_identity_collision_recovery.py", "Python", 0, 279, 0, 0, 0, 7, 34, 320
"d:\project\steam-mod-manager\tests\test_identity_consumer_audit.py", "Python", 0, 171, 0, 0, 0, 39, 13, 223
"d:\project\steam-mod-manager\tests\test_identity_consumer_p0.py", "Python", 0, 234, 0, 0, 0, 2, 26, 262
"d:\project\steam-mod-manager\tests\test_identity_data_migration_review.py", "Python", 0, 156, 0, 0, 0, 4, 24, 184
"d:\project\steam-mod-manager\tests\test_identity_governance.py", "Python", 0, 210, 0, 0, 0, 1, 25, 236
"d:\project\steam-mod-manager\tests\test_identity_lifecycle_contract_freeze.py", "Python", 0, 141, 0, 0, 0, 10, 31, 182
"d:\project\steam-mod-manager\tests\test_identity_lifecycle_strict.py", "Python", 0, 331, 0, 0, 0, 10, 40, 381
"d:\project\steam-mod-manager\tests\test_identity_minimal_model.py", "Python", 0, 265, 0, 0, 0, 4, 32, 301
"d:\project\steam-mod-manager\tests\test_identity_rebuild_runtime_recovery.py", "Python", 0, 308, 0, 0, 0, 34, 38, 380
"d:\project\steam-mod-manager\tests\test_identity_recovery_apply_restore.py", "Python", 0, 158, 0, 0, 0, 25, 18, 201
"d:\project\steam-mod-manager\tests\test_identity_recovery_audit.py", "Python", 0, 70, 0, 0, 0, 19, 13, 102
"d:\project\steam-mod-manager\tests\test_identity_recovery_manual_review.py", "Python", 0, 184, 0, 0, 0, 2, 17, 203
"d:\project\steam-mod-manager\tests\test_identity_recovery_plan.py", "Python", 0, 132, 0, 0, 0, 23, 15, 170
"d:\project\steam-mod-manager\tests\test_identity_repair.py", "Python", 0, 357, 0, 0, 0, 10, 48, 415
"d:\project\steam-mod-manager\tests\test_identity_repair_entity_forensics.py", "Python", 0, 279, 0, 0, 0, 10, 33, 322
"d:\project\steam-mod-manager\tests\test_identity_repair_invalid_duplicates.py", "Python", 0, 443, 0, 0, 0, 10, 41, 494
"d:\project\steam-mod-manager\tests\test_identity_repair_preview.py", "Python", 0, 160, 0, 0, 0, 2, 13, 175
"d:\project\steam-mod-manager\tests\test_identity_repair_service_contract.py", "Python", 0, 233, 0, 0, 0, 8, 21, 262
"d:\project\steam-mod-manager\tests\test_identity_write_boundary.py", "Python", 0, 162, 0, 0, 0, 13, 26, 201
"d:\project\steam-mod-manager\tests\test_image_not_mod_file.py", "Python", 0, 76, 0, 0, 0, 2, 12, 90
"d:\project\steam-mod-manager\tests\test_import_archive_without_known_mod_extension.py", "Python", 0, 109, 0, 0, 0, 8, 18, 135
"d:\project\steam-mod-manager\tests\test_import_cover.py", "Python", 0, 68, 0, 0, 0, 3, 17, 88
"d:\project\steam-mod-manager\tests\test_import_cover_priority.py", "Python", 0, 42, 0, 0, 0, 1, 14, 57
"d:\project\steam-mod-manager\tests\test_import_directory_memory.py", "Python", 0, 70, 0, 0, 0, 3, 23, 96
"d:\project\steam-mod-manager\tests\test_import_duplicate.py", "Python", 0, 150, 0, 0, 0, 3, 25, 178
"d:\project\steam-mod-manager\tests\test_import_game_context.py", "Python", 0, 142, 0, 0, 0, 4, 31, 177
"d:\project\steam-mod-manager\tests\test_import_identity_gate.py", "Python", 0, 212, 0, 0, 0, 3, 35, 250
"d:\project\steam-mod-manager\tests\test_import_identity_unify.py", "Python", 0, 207, 0, 0, 0, 14, 35, 256
"d:\project\steam-mod-manager\tests\test_import_mode_boundary.py", "Python", 0, 203, 0, 0, 0, 4, 32, 239
"d:\project\steam-mod-manager\tests\test_import_refresh_no_reconcile.py", "Python", 0, 114, 0, 0, 0, 9, 37, 160
"d:\project\steam-mod-manager\tests\test_importers.py", "Python", 0, 86, 0, 0, 0, 2, 19, 107
"d:\project\steam-mod-manager\tests\test_info_asset_migration.py", "Python", 0, 190, 0, 0, 0, 16, 38, 244
"d:\project\steam-mod-manager\tests\test_info_entity_key.py", "Python", 0, 104, 0, 0, 0, 1, 20, 125
"d:\project\steam-mod-manager\tests\test_info_sidecar.py", "Python", 0, 278, 0, 0, 0, 2, 23, 303
"d:\project\steam-mod-manager\tests\test_layout_snapshot.py", "Python", 0, 299, 0, 0, 0, 2, 40, 341
"d:\project\steam-mod-manager\tests\test_legacy_backup_asset_cleanup.py", "Python", 0, 314, 0, 0, 0, 16, 48, 378
"d:\project\steam-mod-manager\tests\test_library_card_cache.py", "Python", 0, 134, 0, 0, 0, 3, 32, 169
"d:\project\steam-mod-manager\tests\test_library_detail_panel.py", "Python", 0, 119, 0, 0, 0, 2, 31, 152
"d:\project\steam-mod-manager\tests\test_library_game_list_db.py", "Python", 0, 71, 0, 0, 0, 3, 21, 95
"d:\project\steam-mod-manager\tests\test_library_import_menu.py", "Python", 0, 98, 0, 0, 0, 1, 32, 131
"d:\project\steam-mod-manager\tests\test_library_load_after_reconcile.py", "Python", 0, 214, 0, 0, 0, 11, 49, 274
"d:\project\steam-mod-manager\tests\test_library_load_worker.py", "Python", 0, 7, 0, 0, 0, 1, 6, 14
"d:\project\steam-mod-manager\tests\test_library_mod_types.py", "Python", 0, 127, 0, 0, 0, 1, 36, 164
"d:\project\steam-mod-manager\tests\test_library_performance.py", "Python", 0, 272, 0, 0, 0, 8, 56, 336
"d:\project\steam-mod-manager\tests\test_library_performance_architecture.py", "Python", 0, 130, 0, 0, 0, 15, 28, 173
"d:\project\steam-mod-manager\tests\test_library_phase3_polish.py", "Python", 0, 197, 0, 0, 0, 8, 36, 241
"d:\project\steam-mod-manager\tests\test_library_projection_final_audit.py", "Python", 0, 199, 0, 0, 0, 12, 33, 244
"d:\project\steam-mod-manager\tests\test_library_projection_identity_p1.py", "Python", 0, 234, 0, 0, 0, 2, 28, 264
"d:\project\steam-mod-manager\tests\test_library_projection_sync.py", "Python", 0, 234, 0, 0, 0, 11, 41, 286
"d:\project\steam-mod-manager\tests\test_library_reconcile.py", "Python", 0, 316, 0, 0, 0, 10, 37, 363
"d:\project\steam-mod-manager\tests\test_library_refresh_pure.py", "Python", 0, 151, 0, 0, 0, 4, 39, 194
"d:\project\steam-mod-manager\tests\test_library_responsive_toolbar.py", "Python", 0, 176, 0, 0, 0, 4, 32, 212
"d:\project\steam-mod-manager\tests\test_library_scale_architecture.py", "Python", 0, 312, 0, 0, 0, 37, 44, 393
"d:\project\steam-mod-manager\tests\test_library_scroll_preserved_after_deploy.py", "Python", 0, 91, 0, 0, 0, 5, 24, 120
"d:\project\steam-mod-manager\tests\test_library_scroll_shrink.py", "Python", 0, 86, 0, 0, 0, 1, 21, 108
"d:\project\steam-mod-manager\tests\test_library_search_filter.py", "Python", 0, 284, 0, 0, 0, 2, 54, 340
"d:\project\steam-mod-manager\tests\test_library_shift_selection_viewport.py", "Python", 0, 167, 0, 0, 0, 5, 30, 202
"d:\project\steam-mod-manager\tests\test_library_size_sort.py", "Python", 0, 210, 0, 0, 0, 3, 40, 253
"d:\project\steam-mod-manager\tests\test_library_sort_lifecycle.py", "Python", 0, 287, 0, 0, 0, 18, 49, 354
"d:\project\steam-mod-manager\tests\test_library_stability.py", "Python", 0, 217, 0, 0, 0, 6, 41, 264
"d:\project\steam-mod-manager\tests\test_library_status_filter.py", "Python", 0, 84, 0, 0, 0, 1, 15, 100
"d:\project\steam-mod-manager\tests\test_library_ux_polish.py", "Python", 0, 443, 0, 0, 0, 8, 91, 542
"d:\project\steam-mod-manager\tests\test_library_viewport_data_source.py", "Python", 0, 87, 0, 0, 0, 4, 19, 110
"d:\project\steam-mod-manager\tests\test_library_viewport_layout_lifecycle.py", "Python", 0, 504, 0, 0, 0, 18, 73, 595
"d:\project\steam-mod-manager\tests\test_lifecycle_boundary_architecture.py", "Python", 0, 392, 0, 0, 0, 68, 60, 520
"d:\project\steam-mod-manager\tests\test_manifest_migration_plan.py", "Python", 0, 448, 0, 0, 0, 15, 32, 495
"d:\project\steam-mod-manager\tests\test_metadata_backup.py", "Python", 0, 261, 0, 0, 0, 7, 44, 312
"d:\project\steam-mod-manager\tests\test_metadata_backup_lifecycle.py", "Python", 0, 250, 0, 0, 0, 4, 39, 293
"d:\project\steam-mod-manager\tests\test_metadata_backup_real_world.py", "Python", 0, 433, 0, 0, 0, 7, 58, 498
"d:\project\steam-mod-manager\tests\test_metadata_cache.py", "Python", 0, 42, 0, 0, 0, 1, 11, 54
"d:\project\steam-mod-manager\tests\test_metadata_incremental_save.py", "Python", 0, 110, 0, 0, 0, 1, 16, 127
"d:\project\steam-mod-manager\tests\test_metadata_ownership_contract.py", "Python", 0, 312, 0, 0, 0, 12, 41, 365
"d:\project\steam-mod-manager\tests\test_metadata_refresh.py", "Python", 0, 386, 0, 0, 0, 8, 84, 478
"d:\project\steam-mod-manager\tests\test_metadata_resolver.py", "Python", 0, 271, 0, 0, 0, 3, 44, 318
"d:\project\steam-mod-manager\tests\test_metadata_resolver_readonly.py", "Python", 0, 258, 0, 0, 0, 3, 48, 309
"d:\project\steam-mod-manager\tests\test_miss_card_cover.py", "Python", 0, 212, 0, 0, 0, 2, 32, 246
"d:\project\steam-mod-manager\tests\test_missing_content_import_deploy.py", "Python", 0, 112, 0, 0, 0, 3, 20, 135
"d:\project\steam-mod-manager\tests\test_missing_state_lifecycle_architecture.py", "Python", 0, 109, 0, 0, 0, 23, 13, 145
"d:\project\steam-mod-manager\tests\test_mod_card_layout.py", "Python", 0, 125, 0, 0, 0, 3, 22, 150
"d:\project\steam-mod-manager\tests\test_mod_card_menu.py", "Python", 0, 172, 0, 0, 0, 3, 183, 358
"d:\project\steam-mod-manager\tests\test_mod_card_parent.py", "Python", 0, 129, 0, 0, 0, 7, 35, 171
"d:\project\steam-mod-manager\tests\test_mod_cover.py", "Python", 0, 179, 0, 0, 0, 4, 37, 220
"d:\project\steam-mod-manager\tests\test_mod_detail_panel.py", "Python", 0, 87, 0, 0, 0, 2, 27, 116
"d:\project\steam-mod-manager\tests\test_mod_enable.py", "Python", 0, 41, 0, 0, 0, 1, 15, 57
"d:\project\steam-mod-manager\tests\test_mod_file_reconcile.py", "Python", 0, 135, 0, 0, 0, 1, 36, 172
"d:\project\steam-mod-manager\tests\test_mod_files.py", "Python", 0, 67, 0, 0, 0, 2, 100, 169
"d:\project\steam-mod-manager\tests\test_mod_fs_observer.py", "Python", 0, 280, 0, 0, 0, 8, 59, 347
"d:\project\steam-mod-manager\tests\test_mod_identity_unique.py", "Python", 0, 227, 0, 0, 0, 40, 31, 298
"d:\project\steam-mod-manager\tests\test_mod_import_ui.py", "Python", 0, 340, 0, 0, 0, 8, 46, 394
"d:\project\steam-mod-manager\tests\test_mod_library_cache.py", "Python", 0, 38, 0, 0, 0, 1, 7, 46
"d:\project\steam-mod-manager\tests\test_mod_lifecycle.py", "Python", 0, 68, 0, 0, 0, 20, 19, 107
"d:\project\steam-mod-manager\tests\test_mod_path_rediscovery.py", "Python", 0, 319, 0, 0, 0, 1, 36, 356
"d:\project\steam-mod-manager\tests\test_mod_platform.py", "Python", 0, 130, 0, 0, 0, 23, 25, 178
"d:\project\steam-mod-manager\tests\test_mod_presence_miss.py", "Python", 0, 631, 0, 0, 0, 1, 53, 685
"d:\project\steam-mod-manager\tests\test_mod_relationship.py", "Python", 0, 201, 0, 0, 0, 1, 45, 247
"d:\project\steam-mod-manager\tests\test_mod_remove.py", "Python", 0, 46, 0, 0, 0, 1, 12, 59
"d:\project\steam-mod-manager\tests\test_mod_status.py", "Python", 0, 78, 0, 0, 0, 19, 21, 118
"d:\project\steam-mod-manager\tests\test_mod_status_badge_projection.py", "Python", 0, 84, 0, 0, 0, 4, 24, 112
"d:\project\steam-mod-manager\tests\test_mod_status_model_reduction.py", "Python", 0, 186, 0, 0, 0, 1, 36, 223
"d:\project\steam-mod-manager\tests\test_mod_tags.py", "Python", 0, 86, 0, 0, 0, 1, 12, 99
"d:\project\steam-mod-manager\tests\test_mod_type_catalog.py", "Python", 0, 268, 0, 0, 0, 2, 49, 319
"d:\project\steam-mod-manager\tests\test_mod_type_legacy_migration.py", "Python", 0, 288, 0, 0, 0, 1, 52, 341
"d:\project\steam-mod-manager\tests\test_mod_update.py", "Python", 0, 73, 0, 0, 0, 3, 109, 185
"d:\project\steam-mod-manager\tests\test_mod_user_tags.py", "Python", 0, 258, 0, 0, 0, 6, 53, 317
"d:\project\steam-mod-manager\tests\test_mod_visible_status_whitelist.py", "Python", 0, 242, 0, 0, 0, 37, 40, 319
"d:\project\steam-mod-manager\tests\test_modio_api_proxy.py", "Python", 0, 114, 0, 0, 0, 2, 22, 138
"d:\project\steam-mod-manager\tests\test_modio_api_redact.py", "Python", 0, 10, 0, 0, 0, 1, 4, 15
"d:\project\steam-mod-manager\tests\test_modio_archive.py", "Python", 0, 199, 0, 0, 0, 3, 41, 243
"d:\project\steam-mod-manager\tests\test_modio_bg3_metadata_refresh.py", "Python", 0, 440, 0, 0, 0, 9, 63, 512
"d:\project\steam-mod-manager\tests\test_modio_config.py", "Python", 0, 64, 0, 0, 0, 2, 19, 85
"d:\project\steam-mod-manager\tests\test_modio_identity_refresh.py", "Python", 0, 205, 0, 0, 0, 6, 42, 253
"d:\project\steam-mod-manager\tests\test_modio_metadata_refresh.py", "Python", 0, 569, 0, 0, 0, 10, 95, 674
"d:\project\steam-mod-manager\tests\test_modio_offline_archive_regression.py", "Python", 0, 305, 0, 0, 0, 8, 61, 374
"d:\project\steam-mod-manager\tests\test_modio_refresh_regression.py", "Python", 0, 267, 0, 0, 0, 9, 51, 327
"d:\project\steam-mod-manager\tests\test_modio_sources.py", "Python", 0, 315, 0, 0, 0, 2, 50, 367
"d:\project\steam-mod-manager\tests\test_multi_archive_import.py", "Python", 0, 119, 0, 0, 0, 5, 21, 145
"d:\project\steam-mod-manager\tests\test_nexus_cleaner_garbage.py", "Python", 0, 68, 0, 0, 0, 57, 13, 138
"d:\project\steam-mod-manager\tests\test_nexus_cross_game_identity.py", "Python", 0, 166, 0, 0, 0, 8, 30, 204
"d:\project\steam-mod-manager\tests\test_nexus_import_offline_attach.py", "Python", 0, 90, 0, 0, 0, 233, 22, 345
"d:\project\steam-mod-manager\tests\test_nexus_manual_offline.py", "Python", 0, 205, 0, 0, 0, 4, 40, 249
"d:\project\steam-mod-manager\tests\test_nexus_mhtml_import.py", "Python", 0, 76, 0, 0, 0, 126, 19, 221
"d:\project\steam-mod-manager\tests\test_nexus_offline_cleaner.py", "Python", 0, 150, 0, 0, 0, 141, 20, 311
"d:\project\steam-mod-manager\tests\test_nexus_offline_import_directory_name.py", "Python", 0, 190, 0, 0, 0, 51, 7, 248
"d:\project\steam-mod-manager\tests\test_nexus_offline_scraper.py", "Python", 0, 813, 0, 0, 0, 83, 174, 1070
"d:\project\steam-mod-manager\tests\test_nexus_snapshot_wait.py", "Python", 0, 224, 0, 0, 0, 5, 65, 294
"d:\project\steam-mod-manager\tests\test_no_data_offline_view_regression.py", "Python", 0, 139, 0, 0, 0, 2, 33, 174
"d:\project\steam-mod-manager\tests\test_no_runtime_mod_id_identity_usage.py", "Python", 0, 159, 0, 0, 0, 19, 29, 207
"d:\project\steam-mod-manager\tests\test_offline_browser_fallback.py", "Python", 0, 132, 0, 0, 0, 2, 26, 160
"d:\project\steam-mod-manager\tests\test_offline_existing_archive_save.py", "Python", 0, 232, 0, 0, 0, 13, 38, 283
"d:\project\steam-mod-manager\tests\test_offline_force_refresh.py", "Python", 0, 376, 0, 0, 0, 1, 93, 470
"d:\project\steam-mod-manager\tests\test_offline_manager.py", "Python", 0, 122, 0, 0, 0, 1, 21, 144
"d:\project\steam-mod-manager\tests\test_offline_open_path_canonical.py", "Python", 0, 210, 0, 0, 0, 3, 41, 254
"d:\project\steam-mod-manager\tests\test_offline_page_action.py", "Python", 0, 353, 0, 0, 0, 3, 67, 423
"d:\project\steam-mod-manager\tests\test_offline_path_and_modio_cookie.py", "Python", 0, 195, 0, 0, 0, 2, 37, 234
"d:\project\steam-mod-manager\tests\test_offline_progress.py", "Python", 0, 289, 0, 0, 0, 6, 50, 345
"d:\project\steam-mod-manager\tests\test_offline_provider.py", "Python", 0, 158, 0, 0, 0, 1, 30, 189
"d:\project\steam-mod-manager\tests\test_offline_snapshot.py", "Python", 0, 131, 0, 0, 0, 5, 22, 158
"d:\project\steam-mod-manager\tests\test_offline_sync_only.py", "Python", 0, 406, 0, 0, 0, 12, 88, 506
"d:\project\steam-mod-manager\tests\test_offline_url_rewriter.py", "Python", 0, 67, 0, 0, 0, 1, 23, 91
"d:\project\steam-mod-manager\tests\test_open_offline_guard.py", "Python", 0, 167, 0, 0, 0, 3, 33, 203
"d:\project\steam-mod-manager\tests\test_orphan_backup_safe_cleanup.py", "Python", 0, 180, 0, 0, 0, 2, 30, 212
"d:\project\steam-mod-manager\tests\test_p0_system_governance.py", "Python", 0, 570, 0, 0, 0, 3, 88, 661
"d:\project\steam-mod-manager\tests\test_pak_mod_path_deploy.py", "Python", 0, 179, 0, 0, 0, 4, 35, 218
"d:\project\steam-mod-manager\tests\test_palworld_acceptance.py", "Python", 0, 91, 0, 0, 0, 27, 25, 143
"d:\project\steam-mod-manager\tests\test_palworld_deploy_path.py", "Python", 0, 154, 0, 0, 0, 4, 36, 194
"d:\project\steam-mod-manager\tests\test_palworld_force_strategy.py", "Python", 0, 238, 0, 0, 0, 9, 53, 300
"d:\project\steam-mod-manager\tests\test_path_lifecycle.py", "Python", 0, 460, 0, 0, 0, 14, 62, 536
"d:\project\steam-mod-manager\tests\test_phase10_cache_contract.py", "Python", 0, 210, 0, 0, 0, 2, 36, 248
"d:\project\steam-mod-manager\tests\test_phase11_open_hardening.py", "Python", 0, 192, 0, 0, 0, 3, 35, 230
"d:\project\steam-mod-manager\tests\test_phase12_asset_final_contract.py", "Python", 0, 132, 0, 0, 0, 3, 27, 162
"d:\project\steam-mod-manager\tests\test_phase41_backup_backlog.py", "Python", 0, 209, 0, 0, 0, 4, 30, 243
"d:\project\steam-mod-manager\tests\test_phase5_cas_only_backup.py", "Python", 0, 162, 0, 0, 0, 9, 25, 196
"d:\project\steam-mod-manager\tests\test_phase6_cas_only_info.py", "Python", 0, 177, 0, 0, 0, 6, 26, 209
"d:\project\steam-mod-manager\tests\test_phase7_info_asset_cleanup.py", "Python", 0, 394, 0, 0, 0, 3, 52, 449
"d:\project\steam-mod-manager\tests\test_phase8_manifest_rebuild.py", "Python", 0, 229, 0, 0, 0, 3, 35, 267
"d:\project\steam-mod-manager\tests\test_phase9_asset_lifecycle.py", "Python", 0, 190, 0, 0, 0, 1, 41, 232
"d:\project\steam-mod-manager\tests\test_platform_display_consistency.py", "Python", 0, 129, 0, 0, 0, 2, 24, 155
"d:\project\steam-mod-manager\tests\test_platform_identity_audit.py", "Python", 0, 92, 0, 0, 0, 8, 15, 115
"d:\project\steam-mod-manager\tests\test_platform_metadata_display.py", "Python", 0, 154, 0, 0, 0, 1, 199, 354
"d:\project\steam-mod-manager\tests\test_platform_metadata_ui.py", "Python", 0, 153, 0, 0, 0, 1, 202, 356
"d:\project\steam-mod-manager\tests\test_platform_persistence.py", "Python", 0, 142, 0, 0, 0, 1, 22, 165
"d:\project\steam-mod-manager\tests\test_platform_ui.py", "Python", 0, 103, 0, 0, 0, 1, 20, 124
"d:\project\steam-mod-manager\tests\test_presence_reconcile.py", "Python", 0, 379, 0, 0, 0, 4, 55, 438
"d:\project\steam-mod-manager\tests\test_project_layout_governance.py", "Python", 0, 55, 0, 0, 0, 1, 23, 79
"d:\project\steam-mod-manager\tests\test_projection_notify_granularity.py", "Python", 0, 158, 0, 0, 0, 1, 34, 193
"d:\project\steam-mod-manager\tests\test_projection_notify_thread.py", "Python", 0, 259, 0, 0, 0, 2, 51, 312
"d:\project\steam-mod-manager\tests\test_proxy_resolver.py", "Python", 0, 219, 0, 0, 0, 1, 41, 261
"d:\project\steam-mod-manager\tests\test_published_id_index.py", "Python", 0, 34, 0, 0, 0, 5, 7, 46
"d:\project\steam-mod-manager\tests\test_rar_extract.py", "Python", 0, 175, 0, 0, 0, 4, 55, 234
"d:\project\steam-mod-manager\tests\test_readable_snapshot.py", "Python", 0, 268, 0, 0, 0, 6, 33, 307
"d:\project\steam-mod-manager\tests\test_redeploy_cleanup.py", "Python", 0, 99, 0, 0, 0, 2, 22, 123
"d:\project\steam-mod-manager\tests\test_refresh_button_ux.py", "Python", 0, 179, 0, 0, 0, 5, 48, 232
"d:\project\steam-mod-manager\tests\test_refresh_deploy_isolation.py", "Python", 0, 215, 0, 0, 0, 3, 31, 249
"d:\project\steam-mod-manager\tests\test_refresh_title_display.py", "Python", 0, 127, 0, 0, 0, 9, 27, 163
"d:\project\steam-mod-manager\tests\test_registration_removal_safety.py", "Python", 0, 248, 0, 0, 0, 20, 46, 314
"d:\project\steam-mod-manager\tests\test_relative_status_cleanup.py", "Python", 0, 266, 0, 0, 0, 11, 384, 661
"d:\project\steam-mod-manager\tests\test_repository_hygiene_contract.py", "Python", 0, 105, 0, 0, 0, 7, 23, 135
"d:\project\steam-mod-manager\tests\test_resolver_entrypoints.py", "Python", 0, 256, 0, 0, 0, 1, 42, 299
"d:\project\steam-mod-manager\tests\test_runtime_identity_consumer_contract.py", "Python", 0, 205, 0, 0, 0, 3, 27, 235
"d:\project\steam-mod-manager\tests\test_runtime_module_identity.py", "Python", 0, 88, 0, 0, 0, 2, 18, 108
"d:\project\steam-mod-manager\tests\test_runtime_resource_regression.py", "Python", 0, 180, 0, 0, 0, 1, 22, 203
"d:\project\steam-mod-manager\tests\test_sidecar_lifecycle.py", "Python", 0, 108, 0, 0, 0, 2, 24, 134
"d:\project\steam-mod-manager\tests\test_single_instance.py", "Python", 0, 104, 0, 0, 0, 3, 33, 140
"d:\project\steam-mod-manager\tests\test_size_observation.py", "Python", 0, 336, 0, 0, 0, 1, 62, 399
"d:\project\steam-mod-manager\tests\test_source_file_model.py", "Python", 0, 216, 0, 0, 0, 3, 29, 248
"d:\project\steam-mod-manager\tests\test_source_file_selection.py", "Python", 0, 378, 0, 0, 0, 12, 43, 433
"d:\project\steam-mod-manager\tests\test_source_integrity.py", "Python", 0, 223, 0, 0, 0, 1, 58, 282
"d:\project\steam-mod-manager\tests\test_source_semantic_boundary.py", "Python", 0, 195, 0, 0, 0, 5, 35, 235
"d:\project\steam-mod-manager\tests\test_stardew_deploy.py", "Python", 0, 174, 0, 0, 0, 4, 29, 207
"d:\project\steam-mod-manager\tests\test_startup_identity_resolve_architecture.py", "Python", 0, 95, 0, 0, 0, 23, 18, 136
"d:\project\steam-mod-manager\tests\test_startup_reconcile_gate.py", "Python", 0, 157, 0, 0, 0, 5, 41, 203
"d:\project\steam-mod-manager\tests\test_status_authority_contract.py", "Python", 0, 222, 0, 0, 0, 11, 26, 259
"d:\project\steam-mod-manager\tests\test_steam_api_proxy.py", "Python", 0, 138, 0, 0, 0, 2, 34, 174
"d:\project\steam-mod-manager\tests\test_steam_refresh_identity.py", "Python", 0, 196, 0, 0, 0, 11, 28, 235
"d:\project\steam-mod-manager\tests\test_steam_refresh_network.py", "Python", 0, 257, 0, 0, 0, 4, 52, 313
"d:\project\steam-mod-manager\tests\test_stellaris_activation.py", "Python", 0, 962, 0, 0, 0, 54, 114, 1130
"d:\project\steam-mod-manager\tests\test_sts_deploy.py", "Python", 0, 125, 0, 0, 0, 2, 28, 155
"d:\project\steam-mod-manager\tests\test_stub_offline_page.py", "Python", 0, 101, 0, 0, 0, 6, 29, 136
"d:\project\steam-mod-manager\tests\test_sync_entity_registration_lifecycle.py", "Python", 0, 275, 0, 0, 0, 36, 51, 362
"d:\project\steam-mod-manager\tests\test_sync_source_timestamp.py", "Python", 0, 179, 0, 0, 0, 10, 61, 250
"d:\project\steam-mod-manager\tests\test_test_repository_governance.py", "Python", 0, 49, 0, 0, 0, 6, 12, 67
"d:\project\steam-mod-manager\tests\test_ui_main_thread_freeze.py", "Python", 0, 79, 0, 0, 0, 4, 24, 107
"d:\project\steam-mod-manager\tests\test_unknown_mod_library_folder.py", "Python", 0, 86, 0, 0, 0, 6, 20, 112
"d:\project\steam-mod-manager\tests\test_updated_at_authority.py", "Python", 0, 277, 0, 0, 0, 21, 66, 364
"d:\project\steam-mod-manager\tests\test_user_mod_metadata.py", "Python", 0, 131, 0, 0, 0, 22, 26, 179
"d:\project\steam-mod-manager\tests\test_warhammer3_deploy.py", "Python", 0, 719, 0, 0, 0, 4, 101, 824
"d:\project\steam-mod-manager\tests\test_wh3_activation.py", "Python", 0, 997, 0, 0, 0, 4, 148, 1149
"d:\project\steam-mod-manager\tests\test_widget_show_trace.py", "Python", 0, 66, 0, 0, 0, 4, 18, 88
"d:\project\steam-mod-manager\tests\test_window_icon.py", "Python", 0, 36, 0, 0, 0, 4, 11, 51
"d:\project\steam-mod-manager\tests\test_window_lifecycle.py", "Python", 0, 135, 0, 0, 0, 11, 39, 185
"d:\project\steam-mod-manager\tests\test_windows_path_locks.py", "Python", 0, 88, 0, 0, 0, 3, 25, 116
"d:\project\steam-mod-manager\tests\test_windows_rename.py", "Python", 0, 23, 0, 0, 0, 1, 11, 35
"d:\project\steam-mod-manager\tests\test_witcher3_game_version.py", "Python", 0, 717, 0, 0, 0, 49, 100, 866
"d:\project\steam-mod-manager\tests\test_workshop_path_per_game.py", "Python", 0, 93, 0, 0, 0, 4, 27, 124
"d:\project\steam-mod-manager\tests\test_workspace_id_custom_deploy.py", "Python", 0, 200, 0, 0, 0, 7, 31, 238
"d:\project\steam-mod-manager\tools\_query_db_games.py", "Python", 0, 9, 0, 0, 0, 0, 2, 11
"d:\project\steam-mod-manager\tools\_repro_dialog_import.py", "Python", 0, 94, 0, 0, 0, 1, 25, 120
"d:\project\steam-mod-manager\tools\_repro_e3_detail.py", "Python", 0, 92, 0, 0, 0, 1, 22, 115
"d:\project\steam-mod-manager\tools\_repro_import_crash.py", "Python", 0, 158, 0, 0, 0, 2, 39, 199
"d:\project\steam-mod-manager\tools\_repro_real_import.py", "Python", 0, 131, 0, 0, 0, 1, 31, 163
"d:\project\steam-mod-manager\tools\_repro_real_library_refresh.py", "Python", 0, 100, 0, 0, 0, 1, 24, 125
"d:\project\steam-mod-manager\tools\audit_asset_store_architecture.py", "Python", 0, 862, 0, 0, 0, 31, 65, 958
"d:\project\steam-mod-manager\tools\audit_cas_only_runtime.py", "Python", 0, 221, 0, 0, 0, 16, 30, 267
"d:\project\steam-mod-manager\tools\audit_legacy_backup_assets.py", "Python", 0, 258, 0, 0, 0, 15, 25, 298
"d:\project\steam-mod-manager\tools\audit_legacy_info_assets.py", "Python", 0, 96, 0, 0, 0, 10, 14, 120
"d:\project\steam-mod-manager\tools\audit_legacy_info_assets_manifest.py", "Python", 0, 65, 0, 0, 0, 9, 11, 85
"d:\project\steam-mod-manager\tools\audit_offline_web_assets.py", "Python", 0, 1251, 0, 0, 0, 72, 133, 1456
"d:\project\steam-mod-manager\tools\census_backup_consistency.py", "Python", 0, 211, 0, 0, 0, 5, 19, 235
"d:\project\steam-mod-manager\tools\cleanup_cache.py", "Python", 0, 139, 0, 0, 0, 19, 22, 180
"d:\project\steam-mod-manager\tools\cleanup_duplicate_workspace_mods.py", "Python", 0, 668, 0, 0, 0, 45, 91, 804
"d:\project\steam-mod-manager\tools\cleanup_legacy_info_assets.py", "Python", 0, 250, 0, 0, 0, 15, 20, 285
"d:\project\steam-mod-manager\tools\cleanup_legacy_suffix_folders.py", "Python", 0, 757, 0, 0, 0, 61, 103, 921
"d:\project\steam-mod-manager\tools\cleanup_legacy_workspace_backup.py", "Python", 0, 163, 0, 0, 0, 11, 15, 189
"d:\project\steam-mod-manager\tools\cleanup_stardew_workspace_duplicates.py", "Python", 0, 510, 0, 0, 0, 37, 78, 625
"d:\project\steam-mod-manager\tools\custom_deploy_path_audit.py", "Python", 0, 44, 0, 0, 0, 2, 10, 56
"d:\project\steam-mod-manager\tools\custom_deploy_path_repair.py", "Python", 0, 224, 0, 0, 0, 9, 25, 258
"d:\project\steam-mod-manager\tools\deploy_smoke_runner.py", "Python", 0, 486, 0, 0, 0, 29, 73, 588
"d:\project\steam-mod-manager\tools\deployment_manifest_readonly_audit.py", "Python", 0, 875, 0, 0, 0, 33, 90, 998
"d:\project\steam-mod-manager\tools\diagnose_mod_path_identity_conflict.py", "Python", 0, 493, 0, 0, 0, 44, 60, 597
"d:\project\steam-mod-manager\tools\diagnose_steam_workshop_network.py", "Python", 0, 336, 0, 0, 0, 20, 39, 395
"d:\project\steam-mod-manager\tools\finalize_legacy_backups.py", "Python", 0, 79, 0, 0, 0, 2, 13, 94
"d:\project\steam-mod-manager\tools\identity_cleanup_audit.py", "Python", 0, 416, 0, 0, 0, 48, 45, 509
"d:\project\steam-mod-manager\tools\identity_cleanup_migration_report.py", "Python", 0, 96, 0, 0, 0, 27, 15, 138
"d:\project\steam-mod-manager\tools\identity_collision_apply.py", "Python", 0, 377, 0, 0, 0, 37, 31, 445
"d:\project\steam-mod-manager\tools\identity_collision_audit.py", "Python", 0, 239, 0, 0, 0, 21, 21, 281
"d:\project\steam-mod-manager\tools\identity_collision_common.py", "Python", 0, 195, 0, 0, 0, 11, 43, 249
"d:\project\steam-mod-manager\tools\identity_collision_preview.py", "Python", 0, 199, 0, 0, 0, 14, 18, 231
"d:\project\steam-mod-manager\tools\identity_data_hygiene_audit.py", "Python", 0, 619, 0, 0, 0, 48, 64, 731
"d:\project\steam-mod-manager\tools\identity_data_hygiene_plan.py", "Python", 0, 265, 0, 0, 0, 17, 26, 308
"d:\project\steam-mod-manager\tools\identity_data_migration_review.py", "Python", 0, 439, 0, 0, 0, 24, 48, 511
"d:\project\steam-mod-manager\tools\identity_duplicate_cleanup.py", "Python", 0, 353, 0, 0, 0, 35, 53, 441
"d:\project\steam-mod-manager\tools\identity_full_rebuild_apply.py", "Python", 0, 540, 0, 0, 0, 72, 56, 668
"d:\project\steam-mod-manager\tools\identity_full_rebuild_audit.py", "Python", 0, 63, 0, 0, 0, 12, 11, 86
"d:\project\steam-mod-manager\tools\identity_full_rebuild_common.py", "Python", 0, 321, 0, 0, 0, 25, 52, 398
"d:\project\steam-mod-manager\tools\identity_full_rebuild_preview.py", "Python", 0, 99, 0, 0, 0, 20, 16, 135
"d:\project\steam-mod-manager\tools\identity_hybrid_pollution_recovery.py", "Python", 0, 829, 0, 0, 0, 45, 88, 962
"d:\project\steam-mod-manager\tools\identity_pollution_report.py", "Python", 0, 64, 0, 0, 0, 1, 10, 75
"d:\project\steam-mod-manager\tools\identity_rebuild_mapping.py", "Python", 0, 205, 0, 0, 0, 19, 33, 257
"d:\project\steam-mod-manager\tools\identity_rebuild_runtime_migrate.py", "Python", 0, 330, 0, 0, 0, 60, 38, 428
"d:\project\steam-mod-manager\tools\identity_recovery_apply_restore.py", "Python", 0, 538, 0, 0, 0, 22, 74, 634
"d:\project\steam-mod-manager\tools\identity_recovery_audit.py", "Python", 0, 602, 0, 0, 0, 39, 62, 703
"d:\project\steam-mod-manager\tools\identity_recovery_manual_review.py", "Python", 0, 313, 0, 0, 0, 15, 54, 382
"d:\project\steam-mod-manager\tools\identity_recovery_plan.py", "Python", 0, 413, 0, 0, 0, 26, 42, 481
"d:\project\steam-mod-manager\tools\identity_repair_preview.py", "Python", 0, 373, 0, 0, 0, 17, 44, 434
"d:\project\steam-mod-manager\tools\metadata_ownership_audit.py", "Python", 0, 327, 0, 0, 0, 14, 36, 377
"d:\project\steam-mod-manager\tools\metadata_ownership_common.py", "Python", 0, 181, 0, 0, 0, 8, 39, 228
"d:\project\steam-mod-manager\tools\metadata_ownership_repair.py", "Python", 0, 417, 0, 0, 0, 9, 45, 471
"d:\project\steam-mod-manager\tools\migrate_backup_assets_to_store.py", "Python", 0, 88, 0, 0, 0, 11, 14, 113
"d:\project\steam-mod-manager\tools\migrate_info_assets_to_store.py", "Python", 0, 86, 0, 0, 0, 12, 15, 113
"d:\project\steam-mod-manager\tools\migrate_mod_id_continuity.py", "Python", 0, 363, 0, 0, 0, 211, 22, 596
"d:\project\steam-mod-manager\tools\p0_data_hygiene_audit.py", "Python", 0, 490, 0, 0, 0, 14, 48, 552
"d:\project\steam-mod-manager\tools\phase6_validate_info_cas_runtime.py", "Python", 0, 255, 0, 0, 0, 14, 29, 298
"d:\project\steam-mod-manager\tools\post_identity_rebuild_runtime_audit.py", "Python", 0, 248, 0, 0, 0, 18, 40, 306
"d:\project\steam-mod-manager\tools\probe_balatro_miss_cover.py", "Python", 0, 183, 0, 0, 0, 5, 26, 214
"d:\project\steam-mod-manager\tools\probe_library_refresh.py", "Python", 0, 210, 0, 0, 0, 19, 31, 260
"d:\project\steam-mod-manager\tools\prune_offline_view.py", "Python", 0, 84, 0, 0, 0, 16, 16, 116
"d:\project\steam-mod-manager\tools\purge_legacy_info_assets.py", "Python", 0, 44, 0, 0, 0, 9, 10, 63
"d:\project\steam-mod-manager\tools\rebuild_legacy_info_manifests.py", "Python", 0, 154, 0, 0, 0, 13, 19, 186
"d:\project\steam-mod-manager\tools\repair_mod_path_identity_conflict.py", "Python", 0, 259, 0, 0, 0, 43, 40, 342
"d:\project\steam-mod-manager\ui\__init__.py", "Python", 0, 2, 0, 0, 0, 1, 3, 6
"d:\project\steam-mod-manager\ui\background_asset_thread.py", "Python", 0, 54, 0, 0, 0, 11, 12, 77
"d:\project\steam-mod-manager\ui\collection_card.py", "Python", 0, 391, 0, 0, 0, 12, 61, 464
"d:\project\steam-mod-manager\ui\collection_cover_dialog.py", "Python", 0, 109, 0, 0, 0, 2, 20, 131
"d:\project\steam-mod-manager\ui\collection_membership_dialog.py", "Python", 0, 74, 0, 0, 0, 2, 10, 86
"d:\project\steam-mod-manager\ui\dependency_item_widget.py", "Python", 0, 194, 0, 0, 0, 20, 39, 253
"d:\project\steam-mod-manager\ui\deploy_thread.py", "Python", 0, 89, 0, 0, 0, 14, 13, 116
"d:\project\steam-mod-manager\ui\edit_mod_dialog.py", "Python", 0, 348, 0, 0, 0, 30, 44, 422
"d:\project\steam-mod-manager\ui\flow_layout.py", "Python", 0, 128, 0, 0, 0, 7, 30, 165
"d:\project\steam-mod-manager\ui\game_deploy_view.py", "Python", 0, 343, 0, 0, 0, 19, 53, 415
"d:\project\steam-mod-manager\ui\game_info_worker.py", "Python", 0, 30, 0, 0, 0, 3, 10, 43
"d:\project\steam-mod-manager\ui\game_preview_card.py", "Python", 0, 93, 0, 0, 0, 2, 22, 117
"d:\project\steam-mod-manager\ui\import_thread.py", "Python", 0, 602, 0, 0, 0, 20, 47, 669
"d:\project\steam-mod-manager\ui\library_load_thread.py", "Python", 0, 42, 0, 0, 0, 2, 13, 57
"d:\project\steam-mod-manager\ui\library_query.py", "Python", 0, 510, 0, 0, 0, 78, 77, 665
"d:\project\steam-mod-manager\ui\library_view.py", "Python", 0, 4693, 0, 0, 0, 290, 428, 5411
"d:\project\steam-mod-manager\ui\library_viewport.py", "Python", 0, 134, 0, 0, 0, 26, 17, 177
"d:\project\steam-mod-manager\ui\main_window.py", "Python", 0, 225, 0, 0, 0, 26, 42, 293
"d:\project\steam-mod-manager\ui\metadata_refresh_thread.py", "Python", 0, 211, 0, 0, 0, 6, 30, 247
"d:\project\steam-mod-manager\ui\mod_card.py", "Python", 0, 1316, 0, 0, 0, 58, 140, 1514
"d:\project\steam-mod-manager\ui\mod_detail_dialog.py", "Python", 0, 545, 0, 0, 0, 12, 75, 632
"d:\project\steam-mod-manager\ui\mod_detail_panel.py", "Python", 0, 5113, 0, 0, 0, 294, 530, 5937
"d:\project\steam-mod-manager\ui\mod_edit_dialog.py", "Python", 0, 98, 0, 0, 0, 6, 21, 125
"d:\project\steam-mod-manager\ui\mod_files_ux.py", "Python", 0, 365, 0, 0, 0, 58, 69, 492
"d:\project\steam-mod-manager\ui\mod_import_dialog.py", "Python", 0, 954, 0, 0, 0, 56, 96, 1106
"d:\project\steam-mod-manager\ui\mod_picker_dialog.py", "Python", 0, 128, 0, 0, 0, 10, 19, 157
"d:\project\steam-mod-manager\ui\offline_archive_thread.py", "Python", 0, 126, 0, 0, 0, 13, 15, 154
"d:\project\steam-mod-manager\ui\offline_open.py", "Python", 0, 212, 0, 0, 0, 5, 33, 250
"d:\project\steam-mod-manager\ui\platform_labels.py", "Python", 0, 173, 0, 0, 0, 15, 39, 227
"d:\project\steam-mod-manager\ui\popup_trace.py", "Python", 0, 86, 0, 0, 0, 8, 21, 115
"d:\project\steam-mod-manager\ui\startup_lifecycle.py", "Python", 0, 118, 0, 0, 0, 4, 31, 153
"d:\project\steam-mod-manager\ui\styles.py", "Python", 0, 1256, 0, 0, 0, 52, 157, 1465
"d:\project\steam-mod-manager\ui\sync_thread.py", "Python", 0, 225, 0, 0, 0, 18, 29, 272
"d:\project\steam-mod-manager\ui\sync_view.py", "Python", 0, 494, 0, 0, 0, 26, 85, 605
"d:\project\steam-mod-manager\ui\widget_show_trace.py", "Python", 0, 126, 0, 0, 0, 17, 33, 176
"d:\project\steam-mod-manager\ui\window_chrome.py", "Python", 0, 590, 0, 0, 0, 69, 87, 746
"d:\project\steam-mod-manager\ui\window_lifecycle.py", "Python", 0, 204, 0, 0, 0, 40, 47, 291
"Total", "-", 4609, 182825, 24, 10, 9, 16372, 30396, 234245